itemUuid,tn120x80,w632,w2740
c430fa7b-7aec-47de-90f4-92cd29605765,https://elements-preview-images-0.imgix.net/03227ece-8ec2-4b75-b0d5-d7fd42e5bc56?crop=top&fit=crop&fm=jpeg&h=80&q=80&w=120&s=f56b352a0f702a4b250bc4eb10b6844a,https://elements-preview-images-0.imgix.net/03227ece-8ec2-4b75-b0d5-d7fd42e5bc56?auto=compress%2Cformat&fit=max&w=632&s=6eb6c894fe404826002c2084fc0d8a65,https://elements-preview-images-0.imgix.net/03227ece-8ec2-4b75-b0d5-d7fd42e5bc56?auto=compress%2Cformat&fit=max&w=2740&s=83248f07840cfbcec287cf2e038448aa
c430fa7b-7aec-47de-90f4-92cd29605765,https://elements-preview-images-0.imgix.net/12b7654b-8da6-4117-942f-f7fc495bdbe2?crop=top&fit=crop&fm=jpeg&h=80&q=80&w=120&s=c20094a7c07db56d8da25b9ab6a7ea72,https://elements-preview-images-0.imgix.net/12b7654b-8da6-4117-942f-f7fc495bdbe2?auto=compress%2Cformat&fit=max&w=632&s=747fe42e6e1b40e41baa413f004871fa,https://elements-preview-images-0.imgix.net/12b7654b-8da6-4117-942f-f7fc495bdbe2?auto=compress%2Cformat&fit=max&w=2740&s=1cc91ba9973c845357f504bc1aa29fdb
c430fa7b-7aec-47de-90f4-92cd29605765,https://elements-preview-images-0.imgix.net/7dac8b00-9d73-4d4a-800f-750b3e5cc8a3?crop=top&fit=crop&fm=jpeg&h=80&q=80&w=120&s=d788b627e77de7bd4ba165dd95487f5f,https://elements-preview-images-0.imgix.net/7dac8b00-9d73-4d4a-800f-750b3e5cc8a3?auto=compress%2Cformat&fit=max&w=632&s=86b4c9d49add1069345fcc08eda759e2,https://elements-preview-images-0.imgix.net/7dac8b00-9d73-4d4a-800f-750b3e5cc8a3?auto=compress%2Cformat&fit=max&w=2740&s=88707915d7b967a16eca74c9b6dd1835
c430fa7b-7aec-47de-90f4-92cd29605765,https://elements-preview-images-0.imgix.net/95f4e37b-15ed-4d5f-9520-e7be9d983370?crop=top&fit=crop&fm=jpeg&h=80&q=80&w=120&s=35fe258cb6b84267af9be56659e3648b,https://elements-preview-images-0.imgix.net/95f4e37b-15ed-4d5f-9520-e7be9d983370?auto=compress%2Cformat&fit=max&w=632&s=89e0dfb2b961a52fdf80c314f2324b05,https://elements-preview-images-0.imgix.net/95f4e37b-15ed-4d5f-9520-e7be9d983370?auto=compress%2Cformat&fit=max&w=2740&s=57356b6c8222ac3a88f0d5cc05fcd5e0
c430fa7b-7aec-47de-90f4-92cd29605765,https://elements-preview-images-0.imgix.net/a08b15e2-bdf0-4b1d-9c4c-73e20af22a6f?crop=top&fit=crop&fm=jpeg&h=80&q=80&w=120&s=361aeae46ba56f4a355a5ea635d24fb2,https://elements-preview-images-0.imgix.net/a08b15e2-bdf0-4b1d-9c4c-73e20af22a6f?auto=compress%2Cformat&fit=max&w=632&s=295f05fd04f67710cf5dad3847892252,https://elements-preview-images-0.imgix.net/a08b15e2-bdf0-4b1d-9c4c-73e20af22a6f?auto=compress%2Cformat&fit=max&w=2740&s=5801b88baae7d62d051ab755871dc158
c430fa7b-7aec-47de-90f4-92cd29605765,https://elements-preview-images-0.imgix.net/b5221c04-a621-4cb3-a3dc-72ef4842c77e?crop=top&fit=crop&fm=jpeg&h=80&q=80&w=120&s=a0068375425dcf6d0287a39fb02e5ec3,https://elements-preview-images-0.imgix.net/b5221c04-a621-4cb3-a3dc-72ef4842c77e?auto=compress%2Cformat&fit=max&w=632&s=83f2a7a428f261dc3b10acc407efe2a6,https://elements-preview-images-0.imgix.net/b5221c04-a621-4cb3-a3dc-72ef4842c77e?auto=compress%2Cformat&fit=max&w=2740&s=41db4b7c405ea0860f20d65b716db8cc
c430fa7b-7aec-47de-90f4-92cd29605765,https://elements-preview-images-0.imgix.net/bc080558-f170-4a0f-8781-505699d5a2c3?crop=top&fit=crop&fm=jpeg&h=80&q=80&w=120&s=8e5e005abb2d3ed3b090266e251480ef,https://elements-preview-images-0.imgix.net/bc080558-f170-4a0f-8781-505699d5a2c3?auto=compress%2Cformat&fit=max&w=632&s=3ce120a4d99f23df2e6b861458d5fe8b,https://elements-preview-images-0.imgix.net/bc080558-f170-4a0f-8781-505699d5a2c3?auto=compress%2Cformat&fit=max&w=2740&s=4151768df582306ff770f98253224b81
c430fa7b-7aec-47de-90f4-92cd29605765,https://elements-preview-images-0.imgix.net/c86abf8f-01e9-412d-9e68-011d19647da7?crop=top&fit=crop&fm=jpeg&h=80&q=80&w=120&s=0ad5311d6e043979a016d18523a9355f,https://elements-preview-images-0.imgix.net/c86abf8f-01e9-412d-9e68-011d19647da7?auto=compress%2Cformat&fit=max&w=632&s=0e5ad75d731fa387fd9c96c6d7203169,https://elements-preview-images-0.imgix.net/c86abf8f-01e9-412d-9e68-011d19647da7?auto=compress%2Cformat&fit=max&w=2740&s=50eb93c6fc839fa2cdf0005b222aec12
c430fa7b-7aec-47de-90f4-92cd29605765,https://elements-preview-images-0.imgix.net/d3c2f41a-8912-4000-acbb-c730eab946ff?crop=top&fit=crop&fm=jpeg&h=80&q=80&w=120&s=f271260cd5df4616b304a4df04c2fc01,https://elements-preview-images-0.imgix.net/d3c2f41a-8912-4000-acbb-c730eab946ff?auto=compress%2Cformat&fit=max&w=632&s=870fd8e363dca7fb2c220d6b5300ca50,https://elements-preview-images-0.imgix.net/d3c2f41a-8912-4000-acbb-c730eab946ff?auto=compress%2Cformat&fit=max&w=2740&s=6e8b3fb917e5cd3da245bb6eb5d9de8a
c430fa7b-7aec-47de-90f4-92cd29605765,https://elements-preview-images-0.imgix.net/f46e7364-c13b-441c-b363-106033ac5f00?crop=top&fit=crop&fm=jpeg&h=80&q=80&w=120&s=c1926d39655d6db1148096c139db8ea6,https://elements-preview-images-0.imgix.net/f46e7364-c13b-441c-b363-106033ac5f00?auto=compress%2Cformat&fit=max&w=632&s=2ca1208339bb113c277ce9422f7081c4,https://elements-preview-images-0.imgix.net/f46e7364-c13b-441c-b363-106033ac5f00?auto=compress%2Cformat&fit=max&w=2740&s=fadfc423be3cb20e0ca4a83b85371e0e
c430fa7b-7aec-47de-90f4-92cd29605765,https://elements-preview-images-0.imgix.net/f682bbe9-406e-4650-8b8e-8103a37b4228?crop=top&fit=crop&fm=jpeg&h=80&q=80&w=120&s=cd7e4e5707cba12aae738dc303e186b8,https://elements-preview-images-0.imgix.net/f682bbe9-406e-4650-8b8e-8103a37b4228?auto=compress%2Cformat&fit=max&w=632&s=ead46f2bdb6c2e7fa18620c5acd0cc45,https://elements-preview-images-0.imgix.net/f682bbe9-406e-4650-8b8e-8103a37b4228?auto=compress%2Cformat&fit=max&w=2740&s=d368520ca81a5fa038c1c186ff7db44e
0eeded9a-7e36-4d6e-a13d-b5fce785e18a,https://elements-preview-images-0.imgix.net/176aca4b-c777-43e0-ba3b-bdabec6759dc?crop=top&fit=crop&fm=jpeg&h=80&q=80&w=120&s=2ac6a8a3470c64efac1c1ccc672c5fda,https://elements-preview-images-0.imgix.net/176aca4b-c777-43e0-ba3b-bdabec6759dc?auto=compress%2Cformat&fit=max&w=632&s=5dbfdaafdc6ac3b159879fce749f2099,https://elements-preview-images-0.imgix.net/176aca4b-c777-43e0-ba3b-bdabec6759dc?auto=compress%2Cformat&fit=max&w=2740&s=70be7ae86bd579dcc25b0cc9830cb03b
0eeded9a-7e36-4d6e-a13d-b5fce785e18a,https://elements-preview-images-0.imgix.net/259e5d2a-0aec-4487-bd8d-9f2cb5701d28?crop=top&fit=crop&fm=jpeg&h=80&q=80&w=120&s=b66118df5b68ee591c10674f3df3e071,https://elements-preview-images-0.imgix.net/259e5d2a-0aec-4487-bd8d-9f2cb5701d28?auto=compress%2Cformat&fit=max&w=632&s=d137f48b9d61d10d875ca4b32c03609c,https://elements-preview-images-0.imgix.net/259e5d2a-0aec-4487-bd8d-9f2cb5701d28?auto=compress%2Cformat&fit=max&w=2740&s=1f4d0ebb65d5adeedc33b287fa4b72ea
0eeded9a-7e36-4d6e-a13d-b5fce785e18a,https://elements-preview-images-0.imgix.net/368ce11a-e810-42cd-90cd-2b714a88e78a?crop=top&fit=crop&fm=jpeg&h=80&q=80&w=120&s=5adf1527d607b9e5798376e139e2a810,https://elements-preview-images-0.imgix.net/368ce11a-e810-42cd-90cd-2b714a88e78a?auto=compress%2Cformat&fit=max&w=632&s=2cc93537a80ebeb8d87232cf41a63cd8,https://elements-preview-images-0.imgix.net/368ce11a-e810-42cd-90cd-2b714a88e78a?auto=compress%2Cformat&fit=max&w=2740&s=a87a37119dc8f66e0615a3c3706bf334
0eeded9a-7e36-4d6e-a13d-b5fce785e18a,https://elements-preview-images-0.imgix.net/36e510f3-97ca-433d-b542-cb1529eef5b5?crop=top&fit=crop&fm=jpeg&h=80&q=80&w=120&s=39c5c3e05ac5324bc366c00cbc9c6c3b,https://elements-preview-images-0.imgix.net/36e510f3-97ca-433d-b542-cb1529eef5b5?auto=compress%2Cformat&fit=max&w=632&s=60a1a527c39bc121ea6bf29a3d359bc4,https://elements-preview-images-0.imgix.net/36e510f3-97ca-433d-b542-cb1529eef5b5?auto=compress%2Cformat&fit=max&w=2740&s=de32796e7f5b1560b8e8a7a0589f7549
0eeded9a-7e36-4d6e-a13d-b5fce785e18a,https://elements-preview-images-0.imgix.net/5d4a909f-8bba-41f6-a210-aeeda0533e2a?crop=top&fit=crop&fm=jpeg&h=80&q=80&w=120&s=94ec70d1d6a788c53ba9a482c806d8ca,https://elements-preview-images-0.imgix.net/5d4a909f-8bba-41f6-a210-aeeda0533e2a?auto=compress%2Cformat&fit=max&w=632&s=cc1f7669900105a472500b040cd29044,https://elements-preview-images-0.imgix.net/5d4a909f-8bba-41f6-a210-aeeda0533e2a?auto=compress%2Cformat&fit=max&w=2740&s=b8a279b5abc54871b428b4547ee47a33
0eeded9a-7e36-4d6e-a13d-b5fce785e18a,https://elements-preview-images-0.imgix.net/7e770999-2782-4aa7-82cd-351cdf9c6562?crop=top&fit=crop&fm=jpeg&h=80&q=80&w=120&s=11cc9e981904cca8056483fe79876400,https://elements-preview-images-0.imgix.net/7e770999-2782-4aa7-82cd-351cdf9c6562?auto=compress%2Cformat&fit=max&w=632&s=f36c9f077099098a3b2a4e420c31d562,https://elements-preview-images-0.imgix.net/7e770999-2782-4aa7-82cd-351cdf9c6562?auto=compress%2Cformat&fit=max&w=2740&s=938d1e4785a7d5284bc01280e2f9e00d
0eeded9a-7e36-4d6e-a13d-b5fce785e18a,https://elements-preview-images-0.imgix.net/8fce0da4-b386-465d-8e63-6ba6e386cd28?crop=top&fit=crop&fm=jpeg&h=80&q=80&w=120&s=982076e3e666be7d9b5456abb53bfe19,https://elements-preview-images-0.imgix.net/8fce0da4-b386-465d-8e63-6ba6e386cd28?auto=compress%2Cformat&fit=max&w=632&s=86813f1bdfd3e363e9a5c0ada1e2172e,https://elements-preview-images-0.imgix.net/8fce0da4-b386-465d-8e63-6ba6e386cd28?auto=compress%2Cformat&fit=max&w=2740&s=c8080d969962417a6f05653c61fa6ee8
0eeded9a-7e36-4d6e-a13d-b5fce785e18a,https://elements-preview-images-0.imgix.net/d0722909-96a2-4c31-9765-0b3916a8964f?crop=top&fit=crop&fm=jpeg&h=80&q=80&w=120&s=00c8da981e55198897e040a57566a13e,https://elements-preview-images-0.imgix.net/d0722909-96a2-4c31-9765-0b3916a8964f?auto=compress%2Cformat&fit=max&w=632&s=57b8ea656739923b69150cebbe3cbd76,https://elements-preview-images-0.imgix.net/d0722909-96a2-4c31-9765-0b3916a8964f?auto=compress%2Cformat&fit=max&w=2740&s=e85af0c512875ba5eb7d4779938a7c70
0eeded9a-7e36-4d6e-a13d-b5fce785e18a,https://elements-preview-images-0.imgix.net/d1ce7ad9-833f-44cc-a6d2-6cbbe477abfe?crop=top&fit=crop&fm=jpeg&h=80&q=80&w=120&s=c1039aed70f85bac7bcee6eac0b74768,https://elements-preview-images-0.imgix.net/d1ce7ad9-833f-44cc-a6d2-6cbbe477abfe?auto=compress%2Cformat&fit=max&w=632&s=3d57f829df53fa275ccbe4b397ed60b9,https://elements-preview-images-0.imgix.net/d1ce7ad9-833f-44cc-a6d2-6cbbe477abfe?auto=compress%2Cformat&fit=max&w=2740&s=dc01171b5a08a0d66881b7068b9510b0
0eeded9a-7e36-4d6e-a13d-b5fce785e18a,https://elements-preview-images-0.imgix.net/dd72c4b3-d85b-4492-9010-28aa043ae54b?crop=top&fit=crop&fm=jpeg&h=80&q=80&w=120&s=d78d324df5a187cdcc78ce1f417bee9c,https://elements-preview-images-0.imgix.net/dd72c4b3-d85b-4492-9010-28aa043ae54b?auto=compress%2Cformat&fit=max&w=632&s=f30b813aa6885c4bf8ec973da0d69616,https://elements-preview-images-0.imgix.net/dd72c4b3-d85b-4492-9010-28aa043ae54b?auto=compress%2Cformat&fit=max&w=2740&s=68b41c9e86622692d19454e95e5e871a
0eeded9a-7e36-4d6e-a13d-b5fce785e18a,https://elements-preview-images-0.imgix.net/e522def1-4182-4a8e-a906-3ae08623b18e?crop=top&fit=crop&fm=jpeg&h=80&q=80&w=120&s=2b9e36e2c8c2bc0bd354127bbc41915d,https://elements-preview-images-0.imgix.net/e522def1-4182-4a8e-a906-3ae08623b18e?auto=compress%2Cformat&fit=max&w=632&s=febbda2f36d5c055923028a6bcf5a2ef,https://elements-preview-images-0.imgix.net/e522def1-4182-4a8e-a906-3ae08623b18e?auto=compress%2Cformat&fit=max&w=2740&s=78e185edf9f40b96679bac96aeb95bc5
758c1060-473e-4bc8-87dc-d9f9bac34add,https://elements-preview-images-0.imgix.net/50b5ee31-b226-4b1f-90a4-c0017b0d73cf?crop=top&fit=crop&fm=jpeg&h=80&q=80&w=120&s=3d105ebe32c9c3c61ea9533ae489dc35,https://elements-preview-images-0.imgix.net/50b5ee31-b226-4b1f-90a4-c0017b0d73cf?auto=compress%2Cformat&fit=max&w=632&s=5f6ff1ddbf81f96a2f79fe5d8c3506e3,https://elements-preview-images-0.imgix.net/50b5ee31-b226-4b1f-90a4-c0017b0d73cf?auto=compress%2Cformat&fit=max&w=2740&s=038ac346835943c6fea4fd575a79f143
758c1060-473e-4bc8-87dc-d9f9bac34add,https://elements-preview-images-0.imgix.net/6b85374b-9abc-42da-ae5f-4ee46fb37781?crop=top&fit=crop&fm=jpeg&h=80&q=80&w=120&s=097d7d5fe4e649113a486f71af6a4168,https://elements-preview-images-0.imgix.net/6b85374b-9abc-42da-ae5f-4ee46fb37781?auto=compress%2Cformat&fit=max&w=632&s=6910b2d0749ba256a798df960356dc7c,https://elements-preview-images-0.imgix.net/6b85374b-9abc-42da-ae5f-4ee46fb37781?auto=compress%2Cformat&fit=max&w=2740&s=850d84d53eb54b4ed52738a42e6e7922
758c1060-473e-4bc8-87dc-d9f9bac34add,https://elements-preview-images-0.imgix.net/80a5d274-2ddf-4b35-ac0f-8569f7aa029d?crop=top&fit=crop&fm=jpeg&h=80&q=80&w=120&s=f17297367e419406a661ab39057b4fb2,https://elements-preview-images-0.imgix.net/80a5d274-2ddf-4b35-ac0f-8569f7aa029d?auto=compress%2Cformat&fit=max&w=632&s=f900b67fb55a357e5e5ce0beaa1e40da,https://elements-preview-images-0.imgix.net/80a5d274-2ddf-4b35-ac0f-8569f7aa029d?auto=compress%2Cformat&fit=max&w=2740&s=e0af7a4299d5f46b2fb666ad006477f0
758c1060-473e-4bc8-87dc-d9f9bac34add,https://elements-preview-images-0.imgix.net/9294b01f-384d-4a88-a036-1a850dd4ce5d?crop=top&fit=crop&fm=jpeg&h=80&q=80&w=120&s=b44f40fcc51e213baf8688be1cd5c471,https://elements-preview-images-0.imgix.net/9294b01f-384d-4a88-a036-1a850dd4ce5d?auto=compress%2Cformat&fit=max&w=632&s=fa07216a3ac77b8b01393189ac31f2fc,https://elements-preview-images-0.imgix.net/9294b01f-384d-4a88-a036-1a850dd4ce5d?auto=compress%2Cformat&fit=max&w=2740&s=13849fb3bc4249390826605dbdec7d01
758c1060-473e-4bc8-87dc-d9f9bac34add,https://elements-preview-images-0.imgix.net/9adc384b-4a7d-452d-922e-b060a3f52164?crop=top&fit=crop&fm=jpeg&h=80&q=80&w=120&s=889498d4b8f7ca6d4c03c34a0fb6db40,https://elements-preview-images-0.imgix.net/9adc384b-4a7d-452d-922e-b060a3f52164?auto=compress%2Cformat&fit=max&w=632&s=b007619996f0af4f24a1245e37aad8fa,https://elements-preview-images-0.imgix.net/9adc384b-4a7d-452d-922e-b060a3f52164?auto=compress%2Cformat&fit=max&w=2740&s=3d7262e354002b27804de8ad90cf4cee
758c1060-473e-4bc8-87dc-d9f9bac34add,https://elements-preview-images-0.imgix.net/a32b9a7e-97e9-4592-9485-e8f53aa0fe73?crop=top&fit=crop&fm=jpeg&h=80&q=80&w=120&s=5ff52155b1e874980befc91f55367b86,https://elements-preview-images-0.imgix.net/a32b9a7e-97e9-4592-9485-e8f53aa0fe73?auto=compress%2Cformat&fit=max&w=632&s=23f8435af5e5b889a16f4e18910074b5,https://elements-preview-images-0.imgix.net/a32b9a7e-97e9-4592-9485-e8f53aa0fe73?auto=compress%2Cformat&fit=max&w=2740&s=12ad5be58aa78901bc7da67e15d8d53a
758c1060-473e-4bc8-87dc-d9f9bac34add,https://elements-preview-images-0.imgix.net/e213dc40-5928-46b5-a69d-34e72d9d7d15?crop=top&fit=crop&fm=jpeg&h=80&q=80&w=120&s=150b20913de10b5a6c7e41bd9adc0da7,https://elements-preview-images-0.imgix.net/e213dc40-5928-46b5-a69d-34e72d9d7d15?auto=compress%2Cformat&fit=max&w=632&s=6aae70d4e823919a563293e522930b67,https://elements-preview-images-0.imgix.net/e213dc40-5928-46b5-a69d-34e72d9d7d15?auto=compress%2Cformat&fit=max&w=2740&s=4330fbdbe862047013e0c311c1262da0
85f53b6f-50aa-4d53-a15a-a7fc0d0f62cd,https://elements-preview-images-0.imgix.net/0308daf1-ce8d-4cc0-81ec-3f4f29b88714?crop=top&fit=crop&fm=jpeg&h=80&q=80&w=120&s=99fd53e1fbda91846f1b9ce15c345ec0,https://elements-preview-images-0.imgix.net/0308daf1-ce8d-4cc0-81ec-3f4f29b88714?auto=compress%2Cformat&fit=max&w=632&s=ddf80ff5d2b92a673ded64f93b09925c,https://elements-preview-images-0.imgix.net/0308daf1-ce8d-4cc0-81ec-3f4f29b88714?auto=compress%2Cformat&fit=max&w=2740&s=57e2af47cac00e0700ec23ec345dce22
85f53b6f-50aa-4d53-a15a-a7fc0d0f62cd,https://elements-preview-images-0.imgix.net/595d6533-bdae-430d-a520-19824b510fce?crop=top&fit=crop&fm=jpeg&h=80&q=80&w=120&s=102453ea96c3e3dd8e9ed2171c0fba3a,https://elements-preview-images-0.imgix.net/595d6533-bdae-430d-a520-19824b510fce?auto=compress%2Cformat&fit=max&w=632&s=9f202bc8470aff226b0f8bc3c03eaad8,https://elements-preview-images-0.imgix.net/595d6533-bdae-430d-a520-19824b510fce?auto=compress%2Cformat&fit=max&w=2740&s=3007a6fa09e783dcfd8aeb48a942c8e1
85f53b6f-50aa-4d53-a15a-a7fc0d0f62cd,https://elements-preview-images-0.imgix.net/5e112d9d-8b28-409a-914a-c027558d53a5?crop=top&fit=crop&fm=jpeg&h=80&q=80&w=120&s=8ca3d17a523c2bb57b60edcc5a167438,https://elements-preview-images-0.imgix.net/5e112d9d-8b28-409a-914a-c027558d53a5?auto=compress%2Cformat&fit=max&w=632&s=333e0f5b63b1db03ffcfd2d5e28b7686,https://elements-preview-images-0.imgix.net/5e112d9d-8b28-409a-914a-c027558d53a5?auto=compress%2Cformat&fit=max&w=2740&s=4060616cd83b3b3290cbd35a93a6012e
85f53b6f-50aa-4d53-a15a-a7fc0d0f62cd,https://elements-preview-images-0.imgix.net/5e7c8994-10a5-4f91-b279-c2f9805c66d7?crop=top&fit=crop&fm=jpeg&h=80&q=80&w=120&s=63afa381632e8e6f3e0d9951d5542659,https://elements-preview-images-0.imgix.net/5e7c8994-10a5-4f91-b279-c2f9805c66d7?auto=compress%2Cformat&fit=max&w=632&s=552a0a1270576898014b2c48d0a77e73,https://elements-preview-images-0.imgix.net/5e7c8994-10a5-4f91-b279-c2f9805c66d7?auto=compress%2Cformat&fit=max&w=2740&s=89d9d7cfd377b9c7fff8a80d5d75cca2
85f53b6f-50aa-4d53-a15a-a7fc0d0f62cd,https://elements-preview-images-0.imgix.net/6162f834-6c14-4dab-8f1e-e7ff728b16b9?crop=top&fit=crop&fm=jpeg&h=80&q=80&w=120&s=da2187e70d2f2bc51c23bc5e0c293eac,https://elements-preview-images-0.imgix.net/6162f834-6c14-4dab-8f1e-e7ff728b16b9?auto=compress%2Cformat&fit=max&w=632&s=d3ec1d4cd6bf04488efcb8abb6e76e8d,https://elements-preview-images-0.imgix.net/6162f834-6c14-4dab-8f1e-e7ff728b16b9?auto=compress%2Cformat&fit=max&w=2740&s=d000dc61e5cde12508431205c3f94250
85f53b6f-50aa-4d53-a15a-a7fc0d0f62cd,https://elements-preview-images-0.imgix.net/96f3b5d3-7821-49ec-b090-8b88b14696a5?crop=top&fit=crop&fm=jpeg&h=80&q=80&w=120&s=7d6d6da98afb112af83eeba9e502c9b8,https://elements-preview-images-0.imgix.net/96f3b5d3-7821-49ec-b090-8b88b14696a5?auto=compress%2Cformat&fit=max&w=632&s=419f483c133cdb7f79da5c0f7c3828e3,https://elements-preview-images-0.imgix.net/96f3b5d3-7821-49ec-b090-8b88b14696a5?auto=compress%2Cformat&fit=max&w=2740&s=0c846ce62f1d28179063f366353e11bc
85f53b6f-50aa-4d53-a15a-a7fc0d0f62cd,https://elements-preview-images-0.imgix.net/fd1572e9-9891-4ce1-bfdd-4670e8ec02c8?crop=top&fit=crop&fm=jpeg&h=80&q=80&w=120&s=c80143b58e3491b1d43fa2fe840a9f59,https://elements-preview-images-0.imgix.net/fd1572e9-9891-4ce1-bfdd-4670e8ec02c8?auto=compress%2Cformat&fit=max&w=632&s=e3831ca3e53aafb5160db83c72c49968,https://elements-preview-images-0.imgix.net/fd1572e9-9891-4ce1-bfdd-4670e8ec02c8?auto=compress%2Cformat&fit=max&w=2740&s=718faef34461fd707c8744941e8f6db0
5d16df9b-ad97-46ff-aaf0-b60f4309286f,https://elements-preview-images-0.imgix.net/20b99d2d-ad3d-4bef-8fed-41b12369a884?crop=top&fit=crop&fm=jpeg&h=80&q=80&w=120&s=7b7cac81e4f1a7f0d12798d2d5c90a2d,https://elements-preview-images-0.imgix.net/20b99d2d-ad3d-4bef-8fed-41b12369a884?auto=compress%2Cformat&fit=max&w=632&s=3d24c39ce5f236b24a3d4391d1479c01,https://elements-preview-images-0.imgix.net/20b99d2d-ad3d-4bef-8fed-41b12369a884?auto=compress%2Cformat&fit=max&w=2740&s=5ff1dc62985460ea7317d28c00ecf756
5d16df9b-ad97-46ff-aaf0-b60f4309286f,https://elements-preview-images-0.imgix.net/37a307d0-5d7d-4fc4-a0a8-35093fc13c44?crop=top&fit=crop&fm=jpeg&h=80&q=80&w=120&s=83524ec9c4737530c1df26e321e9748e,https://elements-preview-images-0.imgix.net/37a307d0-5d7d-4fc4-a0a8-35093fc13c44?auto=compress%2Cformat&fit=max&w=632&s=d652fc38f67601c5190f9e49c878f8ce,https://elements-preview-images-0.imgix.net/37a307d0-5d7d-4fc4-a0a8-35093fc13c44?auto=compress%2Cformat&fit=max&w=2740&s=9867b683f094b961b982a6843da230a3
5d16df9b-ad97-46ff-aaf0-b60f4309286f,https://elements-preview-images-0.imgix.net/5eda1bc1-2923-4602-a496-5b889209d0e9?crop=top&fit=crop&fm=jpeg&h=80&q=80&w=120&s=657b540248df54852dc5fc8872482247,https://elements-preview-images-0.imgix.net/5eda1bc1-2923-4602-a496-5b889209d0e9?auto=compress%2Cformat&fit=max&w=632&s=7bfaf8101489a7c59508a130f96a973d,https://elements-preview-images-0.imgix.net/5eda1bc1-2923-4602-a496-5b889209d0e9?auto=compress%2Cformat&fit=max&w=2740&s=3ee90525aac72089169f2ffe0cccd4fd
5d16df9b-ad97-46ff-aaf0-b60f4309286f,https://elements-preview-images-0.imgix.net/83cb82b3-2625-41cc-94f1-5f5d8098603e?crop=top&fit=crop&fm=jpeg&h=80&q=80&w=120&s=f27b639f85157e6b18eadc4525ce4ce6,https://elements-preview-images-0.imgix.net/83cb82b3-2625-41cc-94f1-5f5d8098603e?auto=compress%2Cformat&fit=max&w=632&s=4a1d7586f22e6831cce56fb7acca31e3,https://elements-preview-images-0.imgix.net/83cb82b3-2625-41cc-94f1-5f5d8098603e?auto=compress%2Cformat&fit=max&w=2740&s=6ef68328ff5b65c6d9dbd1e52abbe239
5f394de9-a8a6-49cf-ab49-87954ed9682e,https://elements-preview-images-0.imgix.net/39dd9171-9850-48b2-b258-d1d9ad577732?crop=top&fit=crop&fm=jpeg&h=80&q=80&w=120&s=8ab0452618d23586024ee35a856714e4,https://elements-preview-images-0.imgix.net/39dd9171-9850-48b2-b258-d1d9ad577732?auto=compress%2Cformat&fit=max&w=632&s=cfb7aba593e3781695666018104a9af7,https://elements-preview-images-0.imgix.net/39dd9171-9850-48b2-b258-d1d9ad577732?auto=compress%2Cformat&fit=max&w=2740&s=eba24f80c53d18519b5bcbf1ca1983ae
5f394de9-a8a6-49cf-ab49-87954ed9682e,https://elements-preview-images-0.imgix.net/6a6bd8c5-a0a8-4479-93a7-278c167e83f3?crop=top&fit=crop&fm=jpeg&h=80&q=80&w=120&s=43025a4785cc52ca0d7a5c5f1dc10c79,https://elements-preview-images-0.imgix.net/6a6bd8c5-a0a8-4479-93a7-278c167e83f3?auto=compress%2Cformat&fit=max&w=632&s=facbede8908711503f585ff70f1e7a00,https://elements-preview-images-0.imgix.net/6a6bd8c5-a0a8-4479-93a7-278c167e83f3?auto=compress%2Cformat&fit=max&w=2740&s=a6767c06c1412a82ad537080e75b155b
81f223e4-4a9b-43f3-8ccd-cfc94d6824f4,https://elements-preview-images-0.imgix.net/9c201fdc-59c2-450b-825f-1f6c7a4818d7?crop=top&fit=crop&fm=jpeg&h=80&q=80&w=120&s=29eeecd9d90c828a17c09928b09b408f,https://elements-preview-images-0.imgix.net/9c201fdc-59c2-450b-825f-1f6c7a4818d7?auto=compress%2Cformat&fit=max&w=632&s=e936e124cdaa9d81b8bc42ce4b7b1f3c,https://elements-preview-images-0.imgix.net/9c201fdc-59c2-450b-825f-1f6c7a4818d7?auto=compress%2Cformat&fit=max&w=2740&s=d1982ae51852e6d98b1866e78314a77b
81f223e4-4a9b-43f3-8ccd-cfc94d6824f4,https://elements-preview-images-0.imgix.net/c816fabb-563e-4dc3-881c-8a8a0907fbce?crop=top&fit=crop&fm=jpeg&h=80&q=80&w=120&s=3ba601af492afbae04d26e38178e4bbc,https://elements-preview-images-0.imgix.net/c816fabb-563e-4dc3-881c-8a8a0907fbce?auto=compress%2Cformat&fit=max&w=632&s=fa88335ed414e8c8a4d1c9e5b0969d74,https://elements-preview-images-0.imgix.net/c816fabb-563e-4dc3-881c-8a8a0907fbce?auto=compress%2Cformat&fit=max&w=2740&s=17583ab42ad9bd2fc2903ce28afb3ac2
d06516e4-39ef-49e0-bcf9-8b4d0d16f218,https://elements-preview-images-0.imgix.net/94471b9b-5d32-4859-90a3-d22beb74fde3?crop=top&fit=crop&fm=jpeg&h=80&q=80&w=120&s=176ed189df6b61fc42591f011594f803,https://elements-preview-images-0.imgix.net/94471b9b-5d32-4859-90a3-d22beb74fde3?auto=compress%2Cformat&fit=max&w=632&s=531348477bd0c9f9edeeedcfd341f4cc,https://elements-preview-images-0.imgix.net/94471b9b-5d32-4859-90a3-d22beb74fde3?auto=compress%2Cformat&fit=max&w=2740&s=1f01588d81b86ad22564e53f594c3f8d
d06516e4-39ef-49e0-bcf9-8b4d0d16f218,https://elements-preview-images-0.imgix.net/f72a4977-b359-4374-a0fd-dac72307c1ce?crop=top&fit=crop&fm=jpeg&h=80&q=80&w=120&s=6ff8f22df6272b670375b8638c6052f4,https://elements-preview-images-0.imgix.net/f72a4977-b359-4374-a0fd-dac72307c1ce?auto=compress%2Cformat&fit=max&w=632&s=ecab6a1e7020add74307d6d642b0e3f5,https://elements-preview-images-0.imgix.net/f72a4977-b359-4374-a0fd-dac72307c1ce?auto=compress%2Cformat&fit=max&w=2740&s=9cd98682265b877b97cee2fd564a2b5b
318a7954-be0f-4d72-b6e8-c6ca98d748d6,https://elements-preview-images-0.imgix.net/427a71d4-1185-4c81-988a-e616d9835abb?crop=top&fit=crop&fm=jpeg&h=80&q=80&w=120&s=214f37ef244e5a6d4838bca859bee5eb,https://elements-preview-images-0.imgix.net/427a71d4-1185-4c81-988a-e616d9835abb?auto=compress%2Cformat&fit=max&w=632&s=a9719086235100146ef7f547858ebf9e,https://elements-preview-images-0.imgix.net/427a71d4-1185-4c81-988a-e616d9835abb?auto=compress%2Cformat&fit=max&w=2740&s=0ae807d7741f82e7585552fe905d8c7c
318a7954-be0f-4d72-b6e8-c6ca98d748d6,https://elements-preview-images-0.imgix.net/743f45e9-8e05-49a5-b7c5-7a8a5c147d38?crop=top&fit=crop&fm=jpeg&h=80&q=80&w=120&s=d32f8703b3f210d3500d849444b4fed2,https://elements-preview-images-0.imgix.net/743f45e9-8e05-49a5-b7c5-7a8a5c147d38?auto=compress%2Cformat&fit=max&w=632&s=186270596137a9c99f8ec8c97b44317c,https://elements-preview-images-0.imgix.net/743f45e9-8e05-49a5-b7c5-7a8a5c147d38?auto=compress%2Cformat&fit=max&w=2740&s=f4f69e39c47984a0dfa321670c1307bf
51864613-87de-4282-9ccb-4646a54556d9,https://elements-preview-images-0.imgix.net/3c0def05-96d3-46d6-889a-d18c4068b55f?crop=top&fit=crop&fm=jpeg&h=80&q=80&w=120&s=21b328ae1a80648d20df8bdacbdae39f,https://elements-preview-images-0.imgix.net/3c0def05-96d3-46d6-889a-d18c4068b55f?auto=compress%2Cformat&fit=max&w=632&s=15be6a5553d4b45db3609697cd7e74a5,https://elements-preview-images-0.imgix.net/3c0def05-96d3-46d6-889a-d18c4068b55f?auto=compress%2Cformat&fit=max&w=2740&s=892a009227eb55d559eb2825b9aa47ac
51864613-87de-4282-9ccb-4646a54556d9,https://elements-preview-images-0.imgix.net/adcbfec6-1a60-4804-b1d7-bc0594e21efa?crop=top&fit=crop&fm=jpeg&h=80&q=80&w=120&s=6689d9f333ebf54892396fc338e5e664,https://elements-preview-images-0.imgix.net/adcbfec6-1a60-4804-b1d7-bc0594e21efa?auto=compress%2Cformat&fit=max&w=632&s=4a191b257d01c95f4635ea2208a835e0,https://elements-preview-images-0.imgix.net/adcbfec6-1a60-4804-b1d7-bc0594e21efa?auto=compress%2Cformat&fit=max&w=2740&s=bd26407cc5dfcc9f26555c12904ed2b9
ccd442f9-dad6-4d1f-b339-161da00c0387,https://elements-preview-images-0.imgix.net/86ca2787-c92e-4a99-82b3-1917211cda88?crop=top&fit=crop&fm=jpeg&h=80&q=80&w=120&s=200aa4b3f6a8a6d187ff6761c4da7590,https://elements-preview-images-0.imgix.net/86ca2787-c92e-4a99-82b3-1917211cda88?auto=compress%2Cformat&fit=max&w=632&s=35e49ce0dec155d6caab86dc6256faaf,https://elements-preview-images-0.imgix.net/86ca2787-c92e-4a99-82b3-1917211cda88?auto=compress%2Cformat&fit=max&w=2740&s=3f23870f7a774423a86440344f2b2c0c
ccd442f9-dad6-4d1f-b339-161da00c0387,https://elements-preview-images-0.imgix.net/b5f701f0-78ab-499f-bc81-4e1761f47109?crop=top&fit=crop&fm=jpeg&h=80&q=80&w=120&s=0f68108f81fb6ff6e85f3ca9f2968c67,https://elements-preview-images-0.imgix.net/b5f701f0-78ab-499f-bc81-4e1761f47109?auto=compress%2Cformat&fit=max&w=632&s=1ad5d6ca48410f8f7d2c916e58677b14,https://elements-preview-images-0.imgix.net/b5f701f0-78ab-499f-bc81-4e1761f47109?auto=compress%2Cformat&fit=max&w=2740&s=f7872830afe3b25573ccbf927acd9b46
79124b51-35d0-4b05-b95c-d0e03ef69125,https://elements-preview-images-0.imgix.net/2c5d192b-2d2a-4ea8-933a-59b35862ec47?crop=top&fit=crop&fm=jpeg&h=80&q=80&w=120&s=043976361a2db28ab209291dee62e921,https://elements-preview-images-0.imgix.net/2c5d192b-2d2a-4ea8-933a-59b35862ec47?auto=compress%2Cformat&fit=max&w=632&s=3db35dfd0787b185a42954ae53818d69,https://elements-preview-images-0.imgix.net/2c5d192b-2d2a-4ea8-933a-59b35862ec47?auto=compress%2Cformat&fit=max&w=2740&s=2843cf45a12bb2baa43503a0907c0de0
79124b51-35d0-4b05-b95c-d0e03ef69125,https://elements-preview-images-0.imgix.net/6123ee57-d282-40b9-aa43-2f08f79a424d?crop=top&fit=crop&fm=jpeg&h=80&q=80&w=120&s=8fc36cfe3b22c9e8253a33234fdab916,https://elements-preview-images-0.imgix.net/6123ee57-d282-40b9-aa43-2f08f79a424d?auto=compress%2Cformat&fit=max&w=632&s=60e26838bf61f818f5a678e5c1f189eb,https://elements-preview-images-0.imgix.net/6123ee57-d282-40b9-aa43-2f08f79a424d?auto=compress%2Cformat&fit=max&w=2740&s=da6bfb85aca9d5019adfeab2f2fcf0ae
79124b51-35d0-4b05-b95c-d0e03ef69125,https://elements-preview-images-0.imgix.net/e4d0e94f-5c01-4a92-a981-1b543ede2b43?crop=top&fit=crop&fm=jpeg&h=80&q=80&w=120&s=1cc6a18953100924017e8b9c1b19f00e,https://elements-preview-images-0.imgix.net/e4d0e94f-5c01-4a92-a981-1b543ede2b43?auto=compress%2Cformat&fit=max&w=632&s=04d2776198d4e5aee35eef31ff5ba90d,https://elements-preview-images-0.imgix.net/e4d0e94f-5c01-4a92-a981-1b543ede2b43?auto=compress%2Cformat&fit=max&w=2740&s=fe02254a5edba5050c16200f54edacfd
7c544fd0-3698-4221-bfe8-ac2a00470928,https://elements-preview-images-0.imgix.net/a1bf0e31-504d-4bc3-b010-eb1580eef663?crop=top&fit=crop&fm=jpeg&h=80&q=80&w=120&s=0db44e295d79380a079c206cce10d248,https://elements-preview-images-0.imgix.net/a1bf0e31-504d-4bc3-b010-eb1580eef663?auto=compress%2Cformat&fit=max&w=632&s=3635b4b34c95377cbabd0a8726951d4d,https://elements-preview-images-0.imgix.net/a1bf0e31-504d-4bc3-b010-eb1580eef663?auto=compress%2Cformat&fit=max&w=2740&s=b0233ea2230b5edcae1d310dc0fcab73
7c544fd0-3698-4221-bfe8-ac2a00470928,https://elements-preview-images-0.imgix.net/b2c639ec-ea07-4cc2-b3b2-7cd8b8065db4?crop=top&fit=crop&fm=jpeg&h=80&q=80&w=120&s=f8e734432b010b7195727ca54c7c0689,https://elements-preview-images-0.imgix.net/b2c639ec-ea07-4cc2-b3b2-7cd8b8065db4?auto=compress%2Cformat&fit=max&w=632&s=39c6e712420af32c3c806337315185e2,https://elements-preview-images-0.imgix.net/b2c639ec-ea07-4cc2-b3b2-7cd8b8065db4?auto=compress%2Cformat&fit=max&w=2740&s=a284844b68749033e7440bed70f2a5a9
7c544fd0-3698-4221-bfe8-ac2a00470928,https://elements-preview-images-0.imgix.net/d13ecaf9-d655-4aad-a0d3-626ddf90332d?crop=top&fit=crop&fm=jpeg&h=80&q=80&w=120&s=d873aea15c4d0f1af4021924eb31c34a,https://elements-preview-images-0.imgix.net/d13ecaf9-d655-4aad-a0d3-626ddf90332d?auto=compress%2Cformat&fit=max&w=632&s=c1fab1f3979914c941994ef52e5d3dfb,https://elements-preview-images-0.imgix.net/d13ecaf9-d655-4aad-a0d3-626ddf90332d?auto=compress%2Cformat&fit=max&w=2740&s=915fc30af993a3ec142d79d5131a48c8
fe286c51-bf0c-495a-948b-c4a64916acff,https://elements-preview-images-0.imgix.net/a66eb09a-bb09-429f-b04b-df3ee02691f8?crop=top&fit=crop&fm=jpeg&h=80&q=80&w=120&s=fcb4b29c1506bfd041d997dfa253d63a,https://elements-preview-images-0.imgix.net/a66eb09a-bb09-429f-b04b-df3ee02691f8?auto=compress%2Cformat&fit=max&w=632&s=208322610379af2061ef26ebd9419007,https://elements-preview-images-0.imgix.net/a66eb09a-bb09-429f-b04b-df3ee02691f8?auto=compress%2Cformat&fit=max&w=2740&s=cb0dee1ecd7bfa8287d9440f6b41ff30
fe286c51-bf0c-495a-948b-c4a64916acff,https://elements-preview-images-0.imgix.net/d29cd29b-1914-4c8e-ae5c-73bf05ebc430?crop=top&fit=crop&fm=jpeg&h=80&q=80&w=120&s=b4a06b7512b541d9211277b4a21ca548,https://elements-preview-images-0.imgix.net/d29cd29b-1914-4c8e-ae5c-73bf05ebc430?auto=compress%2Cformat&fit=max&w=632&s=61d34e9f90510f14f1896b9aca418d22,https://elements-preview-images-0.imgix.net/d29cd29b-1914-4c8e-ae5c-73bf05ebc430?auto=compress%2Cformat&fit=max&w=2740&s=153fc77f25df035d4624b8c14eb4fec0
fe286c51-bf0c-495a-948b-c4a64916acff,https://elements-preview-images-0.imgix.net/dde6f185-8017-4f2a-b0f4-976641a9f060?crop=top&fit=crop&fm=jpeg&h=80&q=80&w=120&s=a5ad8c6ab0ecb25d6aa28e033435f9fa,https://elements-preview-images-0.imgix.net/dde6f185-8017-4f2a-b0f4-976641a9f060?auto=compress%2Cformat&fit=max&w=632&s=a5e799c8cae9567dc040e4911d5669be,https://elements-preview-images-0.imgix.net/dde6f185-8017-4f2a-b0f4-976641a9f060?auto=compress%2Cformat&fit=max&w=2740&s=f112e7c00bff0a9f468f5aed5249d75e
73cdd451-0883-4dc5-8568-4acb6478ac11,https://elements-preview-images-0.imgix.net/388baf5c-cfdd-4ebd-8bfb-1c5250f40cfa?crop=top&fit=crop&fm=jpeg&h=80&q=80&w=120&s=7028d4f461294a49310da60aa54d85d6,https://elements-preview-images-0.imgix.net/388baf5c-cfdd-4ebd-8bfb-1c5250f40cfa?auto=compress%2Cformat&fit=max&w=632&s=29e5228b5ea892f79e9ec0474f274451,https://elements-preview-images-0.imgix.net/388baf5c-cfdd-4ebd-8bfb-1c5250f40cfa?auto=compress%2Cformat&fit=max&w=2740&s=859476cbbe8caeab8347a75d50909bfb
73cdd451-0883-4dc5-8568-4acb6478ac11,https://elements-preview-images-0.imgix.net/5e6fbc2f-22a2-43e5-a48b-b5d60e5e0e7e?crop=top&fit=crop&fm=jpeg&h=80&q=80&w=120&s=b1feb8aa744051a282dab9f4ae80c1fa,https://elements-preview-images-0.imgix.net/5e6fbc2f-22a2-43e5-a48b-b5d60e5e0e7e?auto=compress%2Cformat&fit=max&w=632&s=fddc36a016a79efd1b6db097d6cc477f,https://elements-preview-images-0.imgix.net/5e6fbc2f-22a2-43e5-a48b-b5d60e5e0e7e?auto=compress%2Cformat&fit=max&w=2740&s=36e77458aac5da5b2b9d9496f1bec8cf
73cdd451-0883-4dc5-8568-4acb6478ac11,https://elements-preview-images-0.imgix.net/ab0d20e1-165d-4060-93e8-5cc77f947ff4?crop=top&fit=crop&fm=jpeg&h=80&q=80&w=120&s=6d85423b8060d383691f4101e078c723,https://elements-preview-images-0.imgix.net/ab0d20e1-165d-4060-93e8-5cc77f947ff4?auto=compress%2Cformat&fit=max&w=632&s=d8469ee3d544e4047150eac1f54d5949,https://elements-preview-images-0.imgix.net/ab0d20e1-165d-4060-93e8-5cc77f947ff4?auto=compress%2Cformat&fit=max&w=2740&s=9a95eb4b10336a0d9a57966f80a9b337
dd04079f-3208-4819-8d4b-9170486e2e25,https://elements-preview-images-0.imgix.net/00c1e9fb-d701-4244-9af7-ee500e213c63?crop=top&fit=crop&fm=jpeg&h=80&q=80&w=120&s=f1fd726257d1dff7f3b53b668bc2a570,https://elements-preview-images-0.imgix.net/00c1e9fb-d701-4244-9af7-ee500e213c63?auto=compress%2Cformat&fit=max&w=632&s=4a279da933350dcfe8578c75d7a52542,https://elements-preview-images-0.imgix.net/00c1e9fb-d701-4244-9af7-ee500e213c63?auto=compress%2Cformat&fit=max&w=2740&s=56bef47754197c711e2d29f78cb194b6
dd04079f-3208-4819-8d4b-9170486e2e25,https://elements-preview-images-0.imgix.net/20596eaa-fc62-44c8-bdd6-cfdecac3b305?crop=top&fit=crop&fm=jpeg&h=80&q=80&w=120&s=3b49d5767b5cca617e366f66e2e5714e,https://elements-preview-images-0.imgix.net/20596eaa-fc62-44c8-bdd6-cfdecac3b305?auto=compress%2Cformat&fit=max&w=632&s=5c227a45884be5358b87b9f25d93664d,https://elements-preview-images-0.imgix.net/20596eaa-fc62-44c8-bdd6-cfdecac3b305?auto=compress%2Cformat&fit=max&w=2740&s=58884f5b8812b19496d13b91aa2bf88e
dd04079f-3208-4819-8d4b-9170486e2e25,https://elements-preview-images-0.imgix.net/94607518-2474-40fe-b8ad-bb76166aee49?crop=top&fit=crop&fm=jpeg&h=80&q=80&w=120&s=e46681ffee85455a53f92ec641e29239,https://elements-preview-images-0.imgix.net/94607518-2474-40fe-b8ad-bb76166aee49?auto=compress%2Cformat&fit=max&w=632&s=dd3f62b03ca85a88020e873a1e2d80be,https://elements-preview-images-0.imgix.net/94607518-2474-40fe-b8ad-bb76166aee49?auto=compress%2Cformat&fit=max&w=2740&s=1c8d8cae834fd8c6b5f7310b77d51346
4a96fe5a-7448-432b-9ac4-20db308bb3e0,https://elements-preview-images-0.imgix.net/071e8278-d996-4a36-9bf6-fe1bab3014b6?crop=top&fit=crop&fm=jpeg&h=80&q=80&w=120&s=00726d7e9122dcf90cd25eb510a7410d,https://elements-preview-images-0.imgix.net/071e8278-d996-4a36-9bf6-fe1bab3014b6?auto=compress%2Cformat&fit=max&w=632&s=5f6577846531dfe08669a63e6b202246,https://elements-preview-images-0.imgix.net/071e8278-d996-4a36-9bf6-fe1bab3014b6?auto=compress%2Cformat&fit=max&w=2740&s=9572d66dd0df20dcefe40ed6c8a698dd
4a96fe5a-7448-432b-9ac4-20db308bb3e0,https://elements-preview-images-0.imgix.net/100625e1-c9d2-46ea-a509-9fdf2251cdc1?crop=top&fit=crop&fm=jpeg&h=80&q=80&w=120&s=726755490fc12aa6f56edf31dd7e433b,https://elements-preview-images-0.imgix.net/100625e1-c9d2-46ea-a509-9fdf2251cdc1?auto=compress%2Cformat&fit=max&w=632&s=e22c85246ecb37e30d2aeaee995c6146,https://elements-preview-images-0.imgix.net/100625e1-c9d2-46ea-a509-9fdf2251cdc1?auto=compress%2Cformat&fit=max&w=2740&s=11157d35a749a0f7325b3b1baf1f6214
4a96fe5a-7448-432b-9ac4-20db308bb3e0,https://elements-preview-images-0.imgix.net/99e57567-86be-4d33-b13b-ed01061bb868?crop=top&fit=crop&fm=jpeg&h=80&q=80&w=120&s=200b91f8724033aa098361b386e86bc8,https://elements-preview-images-0.imgix.net/99e57567-86be-4d33-b13b-ed01061bb868?auto=compress%2Cformat&fit=max&w=632&s=829e8f38c2dfa1d8f95917a927fa8b2f,https://elements-preview-images-0.imgix.net/99e57567-86be-4d33-b13b-ed01061bb868?auto=compress%2Cformat&fit=max&w=2740&s=1fa1f9edd2d6fdc5318e16928e2d7966
e1315076-142e-4d28-8caa-e83c6f8500a2,https://elements-preview-images-0.imgix.net/321f4262-b1c1-4513-8984-99b569c9d129?crop=top&fit=crop&fm=jpeg&h=80&q=80&w=120&s=7388b1871045e2096f65a3f43290815c,https://elements-preview-images-0.imgix.net/321f4262-b1c1-4513-8984-99b569c9d129?auto=compress%2Cformat&fit=max&w=632&s=ed372a2beae142f0d4ea8c5b63787609,https://elements-preview-images-0.imgix.net/321f4262-b1c1-4513-8984-99b569c9d129?auto=compress%2Cformat&fit=max&w=2740&s=f2dc5d4f32899f3ed99014c1d9b9eea8
e1315076-142e-4d28-8caa-e83c6f8500a2,https://elements-preview-images-0.imgix.net/4e5bf4ef-5d62-48a3-8e54-3f08f34953af?crop=top&fit=crop&fm=jpeg&h=80&q=80&w=120&s=9a05b6739e80b6ef9b1064d19f16526f,https://elements-preview-images-0.imgix.net/4e5bf4ef-5d62-48a3-8e54-3f08f34953af?auto=compress%2Cformat&fit=max&w=632&s=0ebce4b61d52da96e594b2f96f77e1b1,https://elements-preview-images-0.imgix.net/4e5bf4ef-5d62-48a3-8e54-3f08f34953af?auto=compress%2Cformat&fit=max&w=2740&s=3afed1b786102cc92125c68f9eb824c7
e1315076-142e-4d28-8caa-e83c6f8500a2,https://elements-preview-images-0.imgix.net/66d71d8c-2acb-4061-b2b0-3f89fa01bbda?crop=top&fit=crop&fm=jpeg&h=80&q=80&w=120&s=a557c90e34f9396e76fd203e1a361f0a,https://elements-preview-images-0.imgix.net/66d71d8c-2acb-4061-b2b0-3f89fa01bbda?auto=compress%2Cformat&fit=max&w=632&s=9832c5c5890dff5a0d40c43223d9b6b6,https://elements-preview-images-0.imgix.net/66d71d8c-2acb-4061-b2b0-3f89fa01bbda?auto=compress%2Cformat&fit=max&w=2740&s=96c54e19f0d5d43811dfe04e705aa2a7
f60088f7-53cb-4f0e-8bf1-219a8d6da068,https://elements-preview-images-0.imgix.net/09ba6213-cdae-4061-a634-1afc1fe31381?crop=top&fit=crop&fm=jpeg&h=80&q=80&w=120&s=1cfae7f24dbd4f37107c97c1498281d1,https://elements-preview-images-0.imgix.net/09ba6213-cdae-4061-a634-1afc1fe31381?auto=compress%2Cformat&fit=max&w=632&s=cb2ef57d3980d9039aa4c4eea9be158f,https://elements-preview-images-0.imgix.net/09ba6213-cdae-4061-a634-1afc1fe31381?auto=compress%2Cformat&fit=max&w=2740&s=d43a5669d768e4db4864ec1848d390a6
f60088f7-53cb-4f0e-8bf1-219a8d6da068,https://elements-preview-images-0.imgix.net/875961ee-ec4b-40ee-acbf-63658cef7f8f?crop=top&fit=crop&fm=jpeg&h=80&q=80&w=120&s=e07c77f3cf82d046732ae997907e5b0e,https://elements-preview-images-0.imgix.net/875961ee-ec4b-40ee-acbf-63658cef7f8f?auto=compress%2Cformat&fit=max&w=632&s=62571e3d44d61117ee7b726820f582f2,https://elements-preview-images-0.imgix.net/875961ee-ec4b-40ee-acbf-63658cef7f8f?auto=compress%2Cformat&fit=max&w=2740&s=90111e79f2a5fc13b6ce575917fb3cd5
f60088f7-53cb-4f0e-8bf1-219a8d6da068,https://elements-preview-images-0.imgix.net/ddc95253-548c-44d5-b74c-249adb9edd57?crop=top&fit=crop&fm=jpeg&h=80&q=80&w=120&s=99c2128535946bc7f9119f5815aecd13,https://elements-preview-images-0.imgix.net/ddc95253-548c-44d5-b74c-249adb9edd57?auto=compress%2Cformat&fit=max&w=632&s=041194565b661f10f287029e9c5f34f7,https://elements-preview-images-0.imgix.net/ddc95253-548c-44d5-b74c-249adb9edd57?auto=compress%2Cformat&fit=max&w=2740&s=f48c39c3de0d61d0973c631801a32d79
03eb2aed-324e-4dcb-b2ee-63ece6f3f6bf,https://elements-preview-images-0.imgix.net/09df0602-1d0a-4251-b5c9-5941ad8ff051?crop=top&fit=crop&fm=jpeg&h=80&q=80&w=120&s=2d339ec92008d8491d201c806c7aafe7,https://elements-preview-images-0.imgix.net/09df0602-1d0a-4251-b5c9-5941ad8ff051?auto=compress%2Cformat&fit=max&w=632&s=6b33349a484871c022c3ad9d2ccbdb92,https://elements-preview-images-0.imgix.net/09df0602-1d0a-4251-b5c9-5941ad8ff051?auto=compress%2Cformat&fit=max&w=2740&s=5d7b5ced528f8ac2647dcecedc07374e
03eb2aed-324e-4dcb-b2ee-63ece6f3f6bf,https://elements-preview-images-0.imgix.net/c599a1d2-2bee-475b-b16a-1d578f2483fc?crop=top&fit=crop&fm=jpeg&h=80&q=80&w=120&s=0137bedf063ab137a4bad90f8a0678f7,https://elements-preview-images-0.imgix.net/c599a1d2-2bee-475b-b16a-1d578f2483fc?auto=compress%2Cformat&fit=max&w=632&s=292f860ad8c6468399db440bf22d6f7f,https://elements-preview-images-0.imgix.net/c599a1d2-2bee-475b-b16a-1d578f2483fc?auto=compress%2Cformat&fit=max&w=2740&s=735cd611bd478d3ea0f84812b81d044d
03eb2aed-324e-4dcb-b2ee-63ece6f3f6bf,https://elements-preview-images-0.imgix.net/dad40e5c-c9e9-4b67-bbe2-3a822e7d685f?crop=top&fit=crop&fm=jpeg&h=80&q=80&w=120&s=1c3f93659afab0f933cc8b34696e9014,https://elements-preview-images-0.imgix.net/dad40e5c-c9e9-4b67-bbe2-3a822e7d685f?auto=compress%2Cformat&fit=max&w=632&s=4b30da4ccffeadee349502a82a4b1c40,https://elements-preview-images-0.imgix.net/dad40e5c-c9e9-4b67-bbe2-3a822e7d685f?auto=compress%2Cformat&fit=max&w=2740&s=e41a0c19d4f191dc427551f11ed696cb
eab4eaca-6523-4aee-a85f-753f69510b41,https://elements-preview-images-0.imgix.net/3c8f568b-ea06-4e5b-97c4-5ceff4f0c9e3?crop=top&fit=crop&fm=jpeg&h=80&q=80&w=120&s=378afd85386b6e328c3ca1d6bf48e8ec,https://elements-preview-images-0.imgix.net/3c8f568b-ea06-4e5b-97c4-5ceff4f0c9e3?auto=compress%2Cformat&fit=max&w=632&s=8e8cdb74aef04f587b7d799d7e7ce870,https://elements-preview-images-0.imgix.net/3c8f568b-ea06-4e5b-97c4-5ceff4f0c9e3?auto=compress%2Cformat&fit=max&w=2740&s=3431a7daa4952121145ddaea982359a5
eab4eaca-6523-4aee-a85f-753f69510b41,https://elements-preview-images-0.imgix.net/53b2ea0d-8fd2-4542-a012-d0cbf470cdc7?crop=top&fit=crop&fm=jpeg&h=80&q=80&w=120&s=54c27bf1628e60d10b3027e8c8baa282,https://elements-preview-images-0.imgix.net/53b2ea0d-8fd2-4542-a012-d0cbf470cdc7?auto=compress%2Cformat&fit=max&w=632&s=aec004ad9c943838bd75d1bddbd40ad7,https://elements-preview-images-0.imgix.net/53b2ea0d-8fd2-4542-a012-d0cbf470cdc7?auto=compress%2Cformat&fit=max&w=2740&s=4ddf8b177596c8d03d49e5b9980f5c2c
eab4eaca-6523-4aee-a85f-753f69510b41,https://elements-preview-images-0.imgix.net/b3cb7f1a-a710-4b2c-b8d8-b5fc49fd065f?crop=top&fit=crop&fm=jpeg&h=80&q=80&w=120&s=f4d7dd410b3ca34fc8bcfa1b2ea7c592,https://elements-preview-images-0.imgix.net/b3cb7f1a-a710-4b2c-b8d8-b5fc49fd065f?auto=compress%2Cformat&fit=max&w=632&s=7c8a139bf030754498bbb450b3c52a53,https://elements-preview-images-0.imgix.net/b3cb7f1a-a710-4b2c-b8d8-b5fc49fd065f?auto=compress%2Cformat&fit=max&w=2740&s=f9278683422e420242732e2598770b81
3953765e-6bab-4ec6-a2e5-07344d2bb44a,https://elements-preview-images-0.imgix.net/1fc77144-1eab-4238-afe3-6578131ab839?crop=top&fit=crop&fm=jpeg&h=80&q=80&w=120&s=7d368b9e1d5dd806602867b910189796,https://elements-preview-images-0.imgix.net/1fc77144-1eab-4238-afe3-6578131ab839?auto=compress%2Cformat&fit=max&w=632&s=ce441d09232abcec252f061ac8824dcd,https://elements-preview-images-0.imgix.net/1fc77144-1eab-4238-afe3-6578131ab839?auto=compress%2Cformat&fit=max&w=2740&s=aaf0d507057756e6b4fd8d412e0f8229
3953765e-6bab-4ec6-a2e5-07344d2bb44a,https://elements-preview-images-0.imgix.net/9b2c6744-5af0-44fb-be4e-3d59d67029ec?crop=top&fit=crop&fm=jpeg&h=80&q=80&w=120&s=27136d4855230a51614e2503b2db8363,https://elements-preview-images-0.imgix.net/9b2c6744-5af0-44fb-be4e-3d59d67029ec?auto=compress%2Cformat&fit=max&w=632&s=283475eebbe7752ae6b841a83377b5a6,https://elements-preview-images-0.imgix.net/9b2c6744-5af0-44fb-be4e-3d59d67029ec?auto=compress%2Cformat&fit=max&w=2740&s=5b0e7652aaffd493326f61b745319e4c
3953765e-6bab-4ec6-a2e5-07344d2bb44a,https://elements-preview-images-0.imgix.net/c99dd8f2-0254-4501-8481-4ffd3e14d43c?crop=top&fit=crop&fm=jpeg&h=80&q=80&w=120&s=6328940c7de93ade778da9db5e8c7b98,https://elements-preview-images-0.imgix.net/c99dd8f2-0254-4501-8481-4ffd3e14d43c?auto=compress%2Cformat&fit=max&w=632&s=556778ad0dc2aa0a5f0760240ffa5a0c,https://elements-preview-images-0.imgix.net/c99dd8f2-0254-4501-8481-4ffd3e14d43c?auto=compress%2Cformat&fit=max&w=2740&s=8d9da687e0d58bab72ae060c145f3464
fdc01175-1dd8-4d89-8b26-b01869d8e7f4,https://elements-preview-images-0.imgix.net/06458e4e-d284-4bd4-a941-ba9ae296b647?crop=top&fit=crop&fm=jpeg&h=80&q=80&w=120&s=1de6912826d0f0025147a332cd946040,https://elements-preview-images-0.imgix.net/06458e4e-d284-4bd4-a941-ba9ae296b647?auto=compress%2Cformat&fit=max&w=632&s=ec59922cd6a9a77f66ec6d753c7937e1,https://elements-preview-images-0.imgix.net/06458e4e-d284-4bd4-a941-ba9ae296b647?auto=compress%2Cformat&fit=max&w=2740&s=4dcb5fe8658aa7fb85d103a542ee992e
fdc01175-1dd8-4d89-8b26-b01869d8e7f4,https://elements-preview-images-0.imgix.net/17b95063-40fe-4f63-96c3-ef245c59f2cc?crop=top&fit=crop&fm=jpeg&h=80&q=80&w=120&s=69177a03b9484d8299b1876b5381d173,https://elements-preview-images-0.imgix.net/17b95063-40fe-4f63-96c3-ef245c59f2cc?auto=compress%2Cformat&fit=max&w=632&s=c3cecd4d6119df5f74ef39f7bd9909aa,https://elements-preview-images-0.imgix.net/17b95063-40fe-4f63-96c3-ef245c59f2cc?auto=compress%2Cformat&fit=max&w=2740&s=e78ad01272f5e6173ec156cda8b0a49d
fdc01175-1dd8-4d89-8b26-b01869d8e7f4,https://elements-preview-images-0.imgix.net/ade63cc2-eeef-48ca-bbaf-303adece9ef3?crop=top&fit=crop&fm=jpeg&h=80&q=80&w=120&s=6b6973f7e80e9acf89df9f76365a8ec8,https://elements-preview-images-0.imgix.net/ade63cc2-eeef-48ca-bbaf-303adece9ef3?auto=compress%2Cformat&fit=max&w=632&s=5af09066b1130c1a2a24b832d5c4cd52,https://elements-preview-images-0.imgix.net/ade63cc2-eeef-48ca-bbaf-303adece9ef3?auto=compress%2Cformat&fit=max&w=2740&s=14e352ce80b7d74776ce4d174d81f287
254eb602-b189-4c04-9616-85db6b535e8e,https://elements-preview-images-0.imgix.net/2f9c1f3f-d3b9-4dad-be4e-ed185affd2b8?crop=top&fit=crop&fm=jpeg&h=80&q=80&w=120&s=2c179a7c72feca7005dd40b890163eb1,https://elements-preview-images-0.imgix.net/2f9c1f3f-d3b9-4dad-be4e-ed185affd2b8?auto=compress%2Cformat&fit=max&w=632&s=699ec8ca2bb07a5a8c2df67feed17e63,https://elements-preview-images-0.imgix.net/2f9c1f3f-d3b9-4dad-be4e-ed185affd2b8?auto=compress%2Cformat&fit=max&w=2740&s=2a80d6f9b2ea3a1eb44c01cffc6b76ea
254eb602-b189-4c04-9616-85db6b535e8e,https://elements-preview-images-0.imgix.net/9ac70c3b-843d-4cd6-9ea3-9750ed748ac9?crop=top&fit=crop&fm=jpeg&h=80&q=80&w=120&s=35fd1a8bf80dee38d6684d56c01d2c1e,https://elements-preview-images-0.imgix.net/9ac70c3b-843d-4cd6-9ea3-9750ed748ac9?auto=compress%2Cformat&fit=max&w=632&s=32a60a65856a735cab487f5e6ab31792,https://elements-preview-images-0.imgix.net/9ac70c3b-843d-4cd6-9ea3-9750ed748ac9?auto=compress%2Cformat&fit=max&w=2740&s=5d7faafe4c87e2cc00429325e5664a21
254eb602-b189-4c04-9616-85db6b535e8e,https://elements-preview-images-0.imgix.net/dbad5d9b-8981-45b9-9aff-f0699990fc8f?crop=top&fit=crop&fm=jpeg&h=80&q=80&w=120&s=038d6312e48dd07037ab7993fd6da641,https://elements-preview-images-0.imgix.net/dbad5d9b-8981-45b9-9aff-f0699990fc8f?auto=compress%2Cformat&fit=max&w=632&s=b9084136017d0cef765d245ab17f8b1f,https://elements-preview-images-0.imgix.net/dbad5d9b-8981-45b9-9aff-f0699990fc8f?auto=compress%2Cformat&fit=max&w=2740&s=b6c6c44a2e2a3af3e7ab42b7f908197e
1e4ae0e7-b763-418c-b09d-9aa902fdc729,https://elements-preview-images-0.imgix.net/53e00534-7f0c-4984-8903-42cc0a4c6757?crop=top&fit=crop&fm=jpeg&h=80&q=80&w=120&s=d6fce9a14a9250832aa9205cae045cce,https://elements-preview-images-0.imgix.net/53e00534-7f0c-4984-8903-42cc0a4c6757?auto=compress%2Cformat&fit=max&w=632&s=cf86a3d43c38e1b85b1972649afeeb62,https://elements-preview-images-0.imgix.net/53e00534-7f0c-4984-8903-42cc0a4c6757?auto=compress%2Cformat&fit=max&w=2740&s=7dc5f51f3d33c5e369c8e417b44bc80a
1e4ae0e7-b763-418c-b09d-9aa902fdc729,https://elements-preview-images-0.imgix.net/6ab0c00b-278f-475f-8817-40be74250796?crop=top&fit=crop&fm=jpeg&h=80&q=80&w=120&s=6e399b397f76ec1e1afc0a6c96496c1c,https://elements-preview-images-0.imgix.net/6ab0c00b-278f-475f-8817-40be74250796?auto=compress%2Cformat&fit=max&w=632&s=2ce706e661c1521fb9348b7ff12aec80,https://elements-preview-images-0.imgix.net/6ab0c00b-278f-475f-8817-40be74250796?auto=compress%2Cformat&fit=max&w=2740&s=2f52385f9b5643afc7b0e51b37c1fae7
1e4ae0e7-b763-418c-b09d-9aa902fdc729,https://elements-preview-images-0.imgix.net/d7961396-9234-4064-8d0b-550dbcca7f1f?crop=top&fit=crop&fm=jpeg&h=80&q=80&w=120&s=f5690fede92f96a54d490cb108a8e574,https://elements-preview-images-0.imgix.net/d7961396-9234-4064-8d0b-550dbcca7f1f?auto=compress%2Cformat&fit=max&w=632&s=205d3b89191627987f33b32aa8e069e1,https://elements-preview-images-0.imgix.net/d7961396-9234-4064-8d0b-550dbcca7f1f?auto=compress%2Cformat&fit=max&w=2740&s=418fd025935deed4600efce9544cf8e2
395b5c57-9a22-44bd-86a6-73f46f36de47,https://elements-preview-images-0.imgix.net/15b2e712-7704-49df-ae57-d219aa867c66?crop=top&fit=crop&fm=jpeg&h=80&q=80&w=120&s=4df25f5ae52ad515cc07ec852e20f3b5,https://elements-preview-images-0.imgix.net/15b2e712-7704-49df-ae57-d219aa867c66?auto=compress%2Cformat&fit=max&w=632&s=2c363358fb4a70248567bee781972d9f,https://elements-preview-images-0.imgix.net/15b2e712-7704-49df-ae57-d219aa867c66?auto=compress%2Cformat&fit=max&w=2740&s=86773ff142bad015bc81feb15e6a6952
395b5c57-9a22-44bd-86a6-73f46f36de47,https://elements-preview-images-0.imgix.net/700813aa-4871-4790-9159-947da6864888?crop=top&fit=crop&fm=jpeg&h=80&q=80&w=120&s=0cf6ffbfecd41d624f8f53f7f1e7b937,https://elements-preview-images-0.imgix.net/700813aa-4871-4790-9159-947da6864888?auto=compress%2Cformat&fit=max&w=632&s=1ae4abbb5f6c47a2129a4f9d4da98759,https://elements-preview-images-0.imgix.net/700813aa-4871-4790-9159-947da6864888?auto=compress%2Cformat&fit=max&w=2740&s=595af7c4864a91ce4f494c90f3a5716f
395b5c57-9a22-44bd-86a6-73f46f36de47,https://elements-preview-images-0.imgix.net/b81073ba-4a2c-404c-a8b0-7b79acb4e206?crop=top&fit=crop&fm=jpeg&h=80&q=80&w=120&s=6d36ed3a18bac8bdffb20b8c5caae868,https://elements-preview-images-0.imgix.net/b81073ba-4a2c-404c-a8b0-7b79acb4e206?auto=compress%2Cformat&fit=max&w=632&s=acb0ddb1741d059e6ac0d9216901e493,https://elements-preview-images-0.imgix.net/b81073ba-4a2c-404c-a8b0-7b79acb4e206?auto=compress%2Cformat&fit=max&w=2740&s=80780720f927e5173683dd3bc7682625
d735b852-47c5-49d0-8e39-f679861742df,https://elements-preview-images-0.imgix.net/5e0a3da6-43f3-4e27-9731-9fddc7539e35?crop=top&fit=crop&fm=jpeg&h=80&q=80&w=120&s=7cc2c39f2c302b0747a71508687a2464,https://elements-preview-images-0.imgix.net/5e0a3da6-43f3-4e27-9731-9fddc7539e35?auto=compress%2Cformat&fit=max&w=632&s=7c83e316852c942c526c84da864098e9,https://elements-preview-images-0.imgix.net/5e0a3da6-43f3-4e27-9731-9fddc7539e35?auto=compress%2Cformat&fit=max&w=2740&s=c12a58c1b7e7f1efee386079ba02bc86
d735b852-47c5-49d0-8e39-f679861742df,https://elements-preview-images-0.imgix.net/ccd178b0-a537-4392-81cb-3c7fa23c2cd2?crop=top&fit=crop&fm=jpeg&h=80&q=80&w=120&s=43c6bc5ca8929cf34cffa6a1186ccc0d,https://elements-preview-images-0.imgix.net/ccd178b0-a537-4392-81cb-3c7fa23c2cd2?auto=compress%2Cformat&fit=max&w=632&s=2a93db541fc1dc620e999ccfc0fe02ce,https://elements-preview-images-0.imgix.net/ccd178b0-a537-4392-81cb-3c7fa23c2cd2?auto=compress%2Cformat&fit=max&w=2740&s=11400998aa516720757efc7e76a42d83
d735b852-47c5-49d0-8e39-f679861742df,https://elements-preview-images-0.imgix.net/d3b4adb2-3f4c-44ae-95a5-71a223c9a9a9?crop=top&fit=crop&fm=jpeg&h=80&q=80&w=120&s=44d1491264687133c8ff82308ffc75ee,https://elements-preview-images-0.imgix.net/d3b4adb2-3f4c-44ae-95a5-71a223c9a9a9?auto=compress%2Cformat&fit=max&w=632&s=1e16448aa84634dc6bba520469895064,https://elements-preview-images-0.imgix.net/d3b4adb2-3f4c-44ae-95a5-71a223c9a9a9?auto=compress%2Cformat&fit=max&w=2740&s=044116288202d7990f8eb091cde508e7
29ab3ef9-ded6-4ad1-9aa2-ce5d997696f1,https://elements-preview-images-0.imgix.net/3cf0e12b-7cab-4494-ad89-c0fc93ee8a0f?crop=top&fit=crop&fm=jpeg&h=80&q=80&w=120&s=0ebdd4b9467c80295c4147c85497212d,https://elements-preview-images-0.imgix.net/3cf0e12b-7cab-4494-ad89-c0fc93ee8a0f?auto=compress%2Cformat&fit=max&w=632&s=36d5416f47d8c7cc87449d3b8cd888fb,https://elements-preview-images-0.imgix.net/3cf0e12b-7cab-4494-ad89-c0fc93ee8a0f?auto=compress%2Cformat&fit=max&w=2740&s=f5cbf70ab384424b3feac5b3c78a1551
29ab3ef9-ded6-4ad1-9aa2-ce5d997696f1,https://elements-preview-images-0.imgix.net/9bdef9bd-9365-4411-9ee0-f8f943557b24?crop=top&fit=crop&fm=jpeg&h=80&q=80&w=120&s=0f756c374d1d179af9b27faa766b21e9,https://elements-preview-images-0.imgix.net/9bdef9bd-9365-4411-9ee0-f8f943557b24?auto=compress%2Cformat&fit=max&w=632&s=2080448dced07281c4bd2547240d473f,https://elements-preview-images-0.imgix.net/9bdef9bd-9365-4411-9ee0-f8f943557b24?auto=compress%2Cformat&fit=max&w=2740&s=80f0921c9f057c625b12f4bf530fd0ad
29ab3ef9-ded6-4ad1-9aa2-ce5d997696f1,https://elements-preview-images-0.imgix.net/ab6e32ef-fc11-492f-b2b2-b0e2a0468eb4?crop=top&fit=crop&fm=jpeg&h=80&q=80&w=120&s=2930ec5728839574a7e62e12c570928e,https://elements-preview-images-0.imgix.net/ab6e32ef-fc11-492f-b2b2-b0e2a0468eb4?auto=compress%2Cformat&fit=max&w=632&s=04e26cb29bc930f4392108e0766b0a17,https://elements-preview-images-0.imgix.net/ab6e32ef-fc11-492f-b2b2-b0e2a0468eb4?auto=compress%2Cformat&fit=max&w=2740&s=e0f516c0a9c82fa573bcbf457ee4fd53
97e56e92-28f0-410a-903d-986c7cf7bf7c,https://elements-preview-images-0.imgix.net/2f38d4a7-116b-4d5a-bcf8-16331fa40d96?crop=top&fit=crop&fm=jpeg&h=80&q=80&w=120&s=0fcbd18149b255003108f8cbc35da6a5,https://elements-preview-images-0.imgix.net/2f38d4a7-116b-4d5a-bcf8-16331fa40d96?auto=compress%2Cformat&fit=max&w=632&s=0bff7f3b15d320340ac5b829b77e6888,https://elements-preview-images-0.imgix.net/2f38d4a7-116b-4d5a-bcf8-16331fa40d96?auto=compress%2Cformat&fit=max&w=2740&s=4eecff627ea480d02f96d24437c2c8ef
97e56e92-28f0-410a-903d-986c7cf7bf7c,https://elements-preview-images-0.imgix.net/7bd582ea-1874-4670-bc86-b720c04a3e3a?crop=top&fit=crop&fm=jpeg&h=80&q=80&w=120&s=9717f18b5e43208b9c2aca04ebe96f07,https://elements-preview-images-0.imgix.net/7bd582ea-1874-4670-bc86-b720c04a3e3a?auto=compress%2Cformat&fit=max&w=632&s=6b39dc40588c8e661cf4fbb3099477a5,https://elements-preview-images-0.imgix.net/7bd582ea-1874-4670-bc86-b720c04a3e3a?auto=compress%2Cformat&fit=max&w=2740&s=13084c1eb347e15d2bb424aacbf0571b
97e56e92-28f0-410a-903d-986c7cf7bf7c,https://elements-preview-images-0.imgix.net/a7dd0ff6-2e29-4f8d-8ff9-d8028a3c4788?crop=top&fit=crop&fm=jpeg&h=80&q=80&w=120&s=44b72b31725467a3ea7be026962ad58c,https://elements-preview-images-0.imgix.net/a7dd0ff6-2e29-4f8d-8ff9-d8028a3c4788?auto=compress%2Cformat&fit=max&w=632&s=38f545b0492a0d625cdab885fc797570,https://elements-preview-images-0.imgix.net/a7dd0ff6-2e29-4f8d-8ff9-d8028a3c4788?auto=compress%2Cformat&fit=max&w=2740&s=7ed990adb399b8d0f62fb31285c22a1d
dcd1d119-c51c-41f6-ac5f-2e16de2c2361,https://elements-preview-images-0.imgix.net/d95b2ca0-e92a-4e28-b0a5-bb6ee6494d16?crop=top&fit=crop&fm=jpeg&h=80&q=80&w=120&s=5cbee148e6cac613543385c3028438ba,https://elements-preview-images-0.imgix.net/d95b2ca0-e92a-4e28-b0a5-bb6ee6494d16?auto=compress%2Cformat&fit=max&w=632&s=6091a0e13d38ca2a09ba5799ef03927d,https://elements-preview-images-0.imgix.net/d95b2ca0-e92a-4e28-b0a5-bb6ee6494d16?auto=compress%2Cformat&fit=max&w=2740&s=abaafe8ee9411d22a0d98f58ba61bed7
dcd1d119-c51c-41f6-ac5f-2e16de2c2361,https://elements-preview-images-0.imgix.net/e07f3a1b-1ad3-428f-ad8e-52e2c10348b0?crop=top&fit=crop&fm=jpeg&h=80&q=80&w=120&s=992088a350d2f04dfabd5544fb4aab6a,https://elements-preview-images-0.imgix.net/e07f3a1b-1ad3-428f-ad8e-52e2c10348b0?auto=compress%2Cformat&fit=max&w=632&s=e164a1d4230e98b0bff3488279f22e3c,https://elements-preview-images-0.imgix.net/e07f3a1b-1ad3-428f-ad8e-52e2c10348b0?auto=compress%2Cformat&fit=max&w=2740&s=a87477aef9db26ed88225ea7a9f17629
dcd1d119-c51c-41f6-ac5f-2e16de2c2361,https://elements-preview-images-0.imgix.net/ed674718-2d63-4888-adab-20a3b4283b98?crop=top&fit=crop&fm=jpeg&h=80&q=80&w=120&s=5487f629caf1772d6f14538f91693c40,https://elements-preview-images-0.imgix.net/ed674718-2d63-4888-adab-20a3b4283b98?auto=compress%2Cformat&fit=max&w=632&s=d46a2f608c9018968daf7a5d86efa8d1,https://elements-preview-images-0.imgix.net/ed674718-2d63-4888-adab-20a3b4283b98?auto=compress%2Cformat&fit=max&w=2740&s=3182a8e6376ac5ac68c13e47aafb22cd
d0333f1b-a8bc-481c-8cfc-3ede2e70d476,https://elements-preview-images-0.imgix.net/2a0773e2-fc27-4de2-9896-dcdd0bd09912?crop=top&fit=crop&fm=jpeg&h=80&q=80&w=120&s=3948e8e0d9adfc420187c600697de1c5,https://elements-preview-images-0.imgix.net/2a0773e2-fc27-4de2-9896-dcdd0bd09912?auto=compress%2Cformat&fit=max&w=632&s=ed6fb067e9b3110fe6588bcb1d129dcd,https://elements-preview-images-0.imgix.net/2a0773e2-fc27-4de2-9896-dcdd0bd09912?auto=compress%2Cformat&fit=max&w=2740&s=9bc8c54e93fa1575043c62f9bb651793
d0333f1b-a8bc-481c-8cfc-3ede2e70d476,https://elements-preview-images-0.imgix.net/876b4ce3-f8d3-47f0-8551-bd17222ef31a?crop=top&fit=crop&fm=jpeg&h=80&q=80&w=120&s=c7831f83dc025e6bfa6132844f5782cd,https://elements-preview-images-0.imgix.net/876b4ce3-f8d3-47f0-8551-bd17222ef31a?auto=compress%2Cformat&fit=max&w=632&s=04663be70d382fca29e4cb9f83178b88,https://elements-preview-images-0.imgix.net/876b4ce3-f8d3-47f0-8551-bd17222ef31a?auto=compress%2Cformat&fit=max&w=2740&s=ed789fcf135519e22d34dadfa3f8530d
d0333f1b-a8bc-481c-8cfc-3ede2e70d476,https://elements-preview-images-0.imgix.net/a5fdda8e-ed1b-428d-a8a2-c5ffb7636252?crop=top&fit=crop&fm=jpeg&h=80&q=80&w=120&s=e937a504e6a0023a481fd94f06239b3c,https://elements-preview-images-0.imgix.net/a5fdda8e-ed1b-428d-a8a2-c5ffb7636252?auto=compress%2Cformat&fit=max&w=632&s=dd561b32fce80b4866397f29cf92411b,https://elements-preview-images-0.imgix.net/a5fdda8e-ed1b-428d-a8a2-c5ffb7636252?auto=compress%2Cformat&fit=max&w=2740&s=40f3362e833fbc7a7ab0f128796ef18d
c6959db1-861a-4306-953a-407a1cf01d2f,https://elements-preview-images-0.imgix.net/55caf4f4-050f-41aa-8cba-8f5fcd29198d?crop=top&fit=crop&fm=jpeg&h=80&q=80&w=120&s=3c3298ed9de2228495b1ac17f006dfbf,https://elements-preview-images-0.imgix.net/55caf4f4-050f-41aa-8cba-8f5fcd29198d?auto=compress%2Cformat&fit=max&w=632&s=18f81fca19d2edb7fe123eaaded3072b,https://elements-preview-images-0.imgix.net/55caf4f4-050f-41aa-8cba-8f5fcd29198d?auto=compress%2Cformat&fit=max&w=2740&s=5f82c6866d36ca14790ca25e8d447f98
c6959db1-861a-4306-953a-407a1cf01d2f,https://elements-preview-images-0.imgix.net/69b775ef-1760-4e53-9dec-ae7b240057da?crop=top&fit=crop&fm=jpeg&h=80&q=80&w=120&s=28ae545305c4f5075a12c48983f0e439,https://elements-preview-images-0.imgix.net/69b775ef-1760-4e53-9dec-ae7b240057da?auto=compress%2Cformat&fit=max&w=632&s=cf539c4c43edde8cd582f57135263308,https://elements-preview-images-0.imgix.net/69b775ef-1760-4e53-9dec-ae7b240057da?auto=compress%2Cformat&fit=max&w=2740&s=d51460c30de918e09d5535279c616514
c6959db1-861a-4306-953a-407a1cf01d2f,https://elements-preview-images-0.imgix.net/9afce6fd-8705-40b8-92a2-fedb99a43658?crop=top&fit=crop&fm=jpeg&h=80&q=80&w=120&s=4b5c3c1941519a6e960661bd01dbfefd,https://elements-preview-images-0.imgix.net/9afce6fd-8705-40b8-92a2-fedb99a43658?auto=compress%2Cformat&fit=max&w=632&s=65b94edc7e2765e3f4a99fdfafc9186c,https://elements-preview-images-0.imgix.net/9afce6fd-8705-40b8-92a2-fedb99a43658?auto=compress%2Cformat&fit=max&w=2740&s=8cbcb794f6cf6aec7f56fdc7dfeb670c
be250708-0908-4153-9de9-ef0c50d2118e,https://elements-preview-images-0.imgix.net/1ecb804a-5f14-45b8-b006-2015cd4eaf51?crop=top&fit=crop&fm=jpeg&h=80&q=80&w=120&s=526cdc36f1c437a11977c6deb1a16aff,https://elements-preview-images-0.imgix.net/1ecb804a-5f14-45b8-b006-2015cd4eaf51?auto=compress%2Cformat&fit=max&w=632&s=070d4dd34cec14667f1aacd2bf7c1efd,https://elements-preview-images-0.imgix.net/1ecb804a-5f14-45b8-b006-2015cd4eaf51?auto=compress%2Cformat&fit=max&w=2740&s=3b9f76f42a1482ccade10554f0ed9710
be250708-0908-4153-9de9-ef0c50d2118e,https://elements-preview-images-0.imgix.net/6797cd9a-80df-42e0-88c1-c57984b1d335?crop=top&fit=crop&fm=jpeg&h=80&q=80&w=120&s=ccf1626e3719d279e73dfd9d7aa566f0,https://elements-preview-images-0.imgix.net/6797cd9a-80df-42e0-88c1-c57984b1d335?auto=compress%2Cformat&fit=max&w=632&s=79409334695d129a0351d6c8b5476110,https://elements-preview-images-0.imgix.net/6797cd9a-80df-42e0-88c1-c57984b1d335?auto=compress%2Cformat&fit=max&w=2740&s=e674300a10b573dd523a7d3a5a4780cb
be250708-0908-4153-9de9-ef0c50d2118e,https://elements-preview-images-0.imgix.net/b3c54382-d07a-4b0f-99c1-b6620754b21d?crop=top&fit=crop&fm=jpeg&h=80&q=80&w=120&s=d229bc886e83f846e5585f8317040b57,https://elements-preview-images-0.imgix.net/b3c54382-d07a-4b0f-99c1-b6620754b21d?auto=compress%2Cformat&fit=max&w=632&s=0a62c81c3a22d9d5daf9fc94bb926ee2,https://elements-preview-images-0.imgix.net/b3c54382-d07a-4b0f-99c1-b6620754b21d?auto=compress%2Cformat&fit=max&w=2740&s=26f3416972b0184e7381a38e0d06bc35
a05aea71-c805-4aec-992f-df2c6401800b,https://elements-preview-images-0.imgix.net/835f3a25-d44b-45dc-bfc0-cfd1d5de4659?crop=top&fit=crop&fm=jpeg&h=80&q=80&w=120&s=1acf37a48a56779fb7ffd87060c5b689,https://elements-preview-images-0.imgix.net/835f3a25-d44b-45dc-bfc0-cfd1d5de4659?auto=compress%2Cformat&fit=max&w=632&s=b0bf79b0cb0f8d30eda4b0b64ed59871,https://elements-preview-images-0.imgix.net/835f3a25-d44b-45dc-bfc0-cfd1d5de4659?auto=compress%2Cformat&fit=max&w=2740&s=86309c242d9efdddcd8f53067521c149
a05aea71-c805-4aec-992f-df2c6401800b,https://elements-preview-images-0.imgix.net/af5023bd-cb96-4e87-b17e-5986c8effd5c?crop=top&fit=crop&fm=jpeg&h=80&q=80&w=120&s=b8ed80a248d6b45227b705bef8e162a8,https://elements-preview-images-0.imgix.net/af5023bd-cb96-4e87-b17e-5986c8effd5c?auto=compress%2Cformat&fit=max&w=632&s=90e0ae870b334259aa53d59e148b1eaa,https://elements-preview-images-0.imgix.net/af5023bd-cb96-4e87-b17e-5986c8effd5c?auto=compress%2Cformat&fit=max&w=2740&s=119306b1d809e5e61bf824cbd220d4c7
a05aea71-c805-4aec-992f-df2c6401800b,https://elements-preview-images-0.imgix.net/cac9f59b-29a5-4618-9df2-c2d7e8480ecf?crop=top&fit=crop&fm=jpeg&h=80&q=80&w=120&s=2cbb1f19c9dd08b82089365884a391e6,https://elements-preview-images-0.imgix.net/cac9f59b-29a5-4618-9df2-c2d7e8480ecf?auto=compress%2Cformat&fit=max&w=632&s=d1b22aea40d49d3e8124048603a4c1d0,https://elements-preview-images-0.imgix.net/cac9f59b-29a5-4618-9df2-c2d7e8480ecf?auto=compress%2Cformat&fit=max&w=2740&s=3a5ef58ef8f7d9de6167a1f4670b9121
d1886a6e-d35c-44fa-8817-60564d4e95b9,https://elements-preview-images-0.imgix.net/84576cb9-1aff-4f1a-bcfb-db7c238de465?crop=top&fit=crop&fm=jpeg&h=80&q=80&w=120&s=d2883d1e41c25eb9deb5e0702e9e4b38,https://elements-preview-images-0.imgix.net/84576cb9-1aff-4f1a-bcfb-db7c238de465?auto=compress%2Cformat&fit=max&w=632&s=ef889a0b4fe3f80ef253bef813e31070,https://elements-preview-images-0.imgix.net/84576cb9-1aff-4f1a-bcfb-db7c238de465?auto=compress%2Cformat&fit=max&w=2740&s=2e8f6df86cae4d65f5680d8b16ae67b9
d1886a6e-d35c-44fa-8817-60564d4e95b9,https://elements-preview-images-0.imgix.net/8e4d9d48-3e91-4d76-bf1b-7c3ad4851de6?crop=top&fit=crop&fm=jpeg&h=80&q=80&w=120&s=19f15b3c573775d22e7c87eaa9575abc,https://elements-preview-images-0.imgix.net/8e4d9d48-3e91-4d76-bf1b-7c3ad4851de6?auto=compress%2Cformat&fit=max&w=632&s=cc7fdc2cd0a422fbbb128736c112fbe9,https://elements-preview-images-0.imgix.net/8e4d9d48-3e91-4d76-bf1b-7c3ad4851de6?auto=compress%2Cformat&fit=max&w=2740&s=3cffedcc03c6ae39352fd5e237d502fa
d1886a6e-d35c-44fa-8817-60564d4e95b9,https://elements-preview-images-0.imgix.net/da3bc4bc-73dc-4ce0-bed7-6cc0b82e7fcd?crop=top&fit=crop&fm=jpeg&h=80&q=80&w=120&s=0917e6aacb79bbc5a64448db33623c91,https://elements-preview-images-0.imgix.net/da3bc4bc-73dc-4ce0-bed7-6cc0b82e7fcd?auto=compress%2Cformat&fit=max&w=632&s=07a0eb2ac2e10bce4ba8d1b54bd20c5f,https://elements-preview-images-0.imgix.net/da3bc4bc-73dc-4ce0-bed7-6cc0b82e7fcd?auto=compress%2Cformat&fit=max&w=2740&s=339cf1e50cceb6c870e8d1b7ba26c1b8
f0e53c83-1e82-4a1a-9c42-49ddb6f2dfaf,https://elements-preview-images-0.imgix.net/3b3527e7-7e9e-4be4-9140-6f7ad59a4628?crop=top&fit=crop&fm=jpeg&h=80&q=80&w=120&s=c0f4b9495e649f31aa3de4249690b8f9,https://elements-preview-images-0.imgix.net/3b3527e7-7e9e-4be4-9140-6f7ad59a4628?auto=compress%2Cformat&fit=max&w=632&s=31cdf800f46f69c9fb668bccb5e4f644,https://elements-preview-images-0.imgix.net/3b3527e7-7e9e-4be4-9140-6f7ad59a4628?auto=compress%2Cformat&fit=max&w=2740&s=0dc5a52a9e14bbc90c1d32476f17adec
f0e53c83-1e82-4a1a-9c42-49ddb6f2dfaf,https://elements-preview-images-0.imgix.net/4b5d7036-e76f-4674-acf9-65a8229a7f87?crop=top&fit=crop&fm=jpeg&h=80&q=80&w=120&s=d38ab248a764b903f05f3d9d25424c2b,https://elements-preview-images-0.imgix.net/4b5d7036-e76f-4674-acf9-65a8229a7f87?auto=compress%2Cformat&fit=max&w=632&s=217b59c982b51d5b5201e6c2e6eedb18,https://elements-preview-images-0.imgix.net/4b5d7036-e76f-4674-acf9-65a8229a7f87?auto=compress%2Cformat&fit=max&w=2740&s=28b091b11e1b7d03e09cb821cc72c997
f0e53c83-1e82-4a1a-9c42-49ddb6f2dfaf,https://elements-preview-images-0.imgix.net/ab74ce2f-a4bb-4f2b-8cfb-c7a1e83371e9?crop=top&fit=crop&fm=jpeg&h=80&q=80&w=120&s=6f3eccd9c05b41433d636bbf8f089b5f,https://elements-preview-images-0.imgix.net/ab74ce2f-a4bb-4f2b-8cfb-c7a1e83371e9?auto=compress%2Cformat&fit=max&w=632&s=70760e7cc1210735a3b8c9e6861f5989,https://elements-preview-images-0.imgix.net/ab74ce2f-a4bb-4f2b-8cfb-c7a1e83371e9?auto=compress%2Cformat&fit=max&w=2740&s=b72f2d5f4a7750b2b5400953b284712c
fa23cfa3-bf90-452c-8565-5f9162b6e0f6,https://elements-preview-images-0.imgix.net/29aff163-4931-4d2e-a56c-f34ebf12992f?crop=top&fit=crop&fm=jpeg&h=80&q=80&w=120&s=7fb3bdf068be0f6127db1ad0e624f931,https://elements-preview-images-0.imgix.net/29aff163-4931-4d2e-a56c-f34ebf12992f?auto=compress%2Cformat&fit=max&w=632&s=5b0a91cd0c5edec4b264d41794a7c3d9,https://elements-preview-images-0.imgix.net/29aff163-4931-4d2e-a56c-f34ebf12992f?auto=compress%2Cformat&fit=max&w=2740&s=bd2256af9a73225247b7e0a2a7b3685c
fa23cfa3-bf90-452c-8565-5f9162b6e0f6,https://elements-preview-images-0.imgix.net/60c6e929-5484-41c6-b1aa-1111e6146ec3?crop=top&fit=crop&fm=jpeg&h=80&q=80&w=120&s=032701af6f15231c6a872a0e019a2f9a,https://elements-preview-images-0.imgix.net/60c6e929-5484-41c6-b1aa-1111e6146ec3?auto=compress%2Cformat&fit=max&w=632&s=5821ab8cfd554c7c4ac100b53253842c,https://elements-preview-images-0.imgix.net/60c6e929-5484-41c6-b1aa-1111e6146ec3?auto=compress%2Cformat&fit=max&w=2740&s=a3ffd67dd64048914d9ffa485e64085e
fa23cfa3-bf90-452c-8565-5f9162b6e0f6,https://elements-preview-images-0.imgix.net/eb12026e-c4f3-469c-a4ba-bd843a958e59?crop=top&fit=crop&fm=jpeg&h=80&q=80&w=120&s=37f084f9d89eb83b6604b80626ed3f5f,https://elements-preview-images-0.imgix.net/eb12026e-c4f3-469c-a4ba-bd843a958e59?auto=compress%2Cformat&fit=max&w=632&s=f40716e89d8d2eda443d4895ae591797,https://elements-preview-images-0.imgix.net/eb12026e-c4f3-469c-a4ba-bd843a958e59?auto=compress%2Cformat&fit=max&w=2740&s=fc1f7a6428cf8dcc90ff21cccf843363
7a891134-6d75-4686-a621-938f64e6c870,https://elements-preview-images-0.imgix.net/37628100-ede0-436b-b6b4-2537b65d02e6?crop=top&fit=crop&fm=jpeg&h=80&q=80&w=120&s=87c5d4ec7e7b0b0c41a72b3093a98504,https://elements-preview-images-0.imgix.net/37628100-ede0-436b-b6b4-2537b65d02e6?auto=compress%2Cformat&fit=max&w=632&s=473ece2b875bb374047d8c2f771fcc6b,https://elements-preview-images-0.imgix.net/37628100-ede0-436b-b6b4-2537b65d02e6?auto=compress%2Cformat&fit=max&w=2740&s=87ab7930b7581f727048cc7806d87e3f
7a891134-6d75-4686-a621-938f64e6c870,https://elements-preview-images-0.imgix.net/56d7d5bd-db05-4fec-b856-43f07114ffc1?crop=top&fit=crop&fm=jpeg&h=80&q=80&w=120&s=4df7bd7514380e5ad841fd8a1632b06e,https://elements-preview-images-0.imgix.net/56d7d5bd-db05-4fec-b856-43f07114ffc1?auto=compress%2Cformat&fit=max&w=632&s=0b0a2a3fd2615a79ef3132d5112c8156,https://elements-preview-images-0.imgix.net/56d7d5bd-db05-4fec-b856-43f07114ffc1?auto=compress%2Cformat&fit=max&w=2740&s=5721bf9fee26e991142a23c2354b9b02
7a891134-6d75-4686-a621-938f64e6c870,https://elements-preview-images-0.imgix.net/e49dbfed-43cd-46e7-b5d2-7f298585db92?crop=top&fit=crop&fm=jpeg&h=80&q=80&w=120&s=5ab0d7ce1c62cc33cc833e93b3041b4d,https://elements-preview-images-0.imgix.net/e49dbfed-43cd-46e7-b5d2-7f298585db92?auto=compress%2Cformat&fit=max&w=632&s=543aff08948dbe57218f9c310485187e,https://elements-preview-images-0.imgix.net/e49dbfed-43cd-46e7-b5d2-7f298585db92?auto=compress%2Cformat&fit=max&w=2740&s=c8d3bb76813bc8697e2926f4cf7d6e1c
c3bd28bc-a108-4e7e-9217-a80bbd8acf80,https://elements-preview-images-0.imgix.net/1f8a36dd-72f4-4e84-81d1-a1436440c5cd?crop=top&fit=crop&fm=jpeg&h=80&q=80&w=120&s=f0225e30e97c08b673dfa0492709015c,https://elements-preview-images-0.imgix.net/1f8a36dd-72f4-4e84-81d1-a1436440c5cd?auto=compress%2Cformat&fit=max&w=632&s=18482876c782105ea605a442ba69c89f,https://elements-preview-images-0.imgix.net/1f8a36dd-72f4-4e84-81d1-a1436440c5cd?auto=compress%2Cformat&fit=max&w=2740&s=4fa26e42bb703eb7e04bb306d7469ec7
c3bd28bc-a108-4e7e-9217-a80bbd8acf80,https://elements-preview-images-0.imgix.net/6e4144c7-098e-49b8-a1f7-6e9663ed1fcb?crop=top&fit=crop&fm=jpeg&h=80&q=80&w=120&s=3b1759a0db30344d91cc29802f58ea3d,https://elements-preview-images-0.imgix.net/6e4144c7-098e-49b8-a1f7-6e9663ed1fcb?auto=compress%2Cformat&fit=max&w=632&s=0b661f9704f95d782dfb4761aa9cddf3,https://elements-preview-images-0.imgix.net/6e4144c7-098e-49b8-a1f7-6e9663ed1fcb?auto=compress%2Cformat&fit=max&w=2740&s=fb6a0454369e84625a06fd0333223366
c3bd28bc-a108-4e7e-9217-a80bbd8acf80,https://elements-preview-images-0.imgix.net/a96f2f4e-4564-47ac-bcef-6b9936c17836?crop=top&fit=crop&fm=jpeg&h=80&q=80&w=120&s=7f0f658e8f727817c6e3ba42d88dcc2a,https://elements-preview-images-0.imgix.net/a96f2f4e-4564-47ac-bcef-6b9936c17836?auto=compress%2Cformat&fit=max&w=632&s=fb0bd3a4ade96a65208d7434a38432b8,https://elements-preview-images-0.imgix.net/a96f2f4e-4564-47ac-bcef-6b9936c17836?auto=compress%2Cformat&fit=max&w=2740&s=51dfa04d799512dae293660c9f2e4745
474c033e-e729-4e7a-81a8-145baaae2b9f,https://elements-preview-images-0.imgix.net/39ccb694-3409-4520-8b5c-3ed866d1df7f?crop=top&fit=crop&fm=jpeg&h=80&q=80&w=120&s=750970d5aed62938721821e8afeb72c9,https://elements-preview-images-0.imgix.net/39ccb694-3409-4520-8b5c-3ed866d1df7f?auto=compress%2Cformat&fit=max&w=632&s=1028946227ae4959cb81c67209f19449,https://elements-preview-images-0.imgix.net/39ccb694-3409-4520-8b5c-3ed866d1df7f?auto=compress%2Cformat&fit=max&w=2740&s=35d34aa13fd2c40475a897b976fa1150
474c033e-e729-4e7a-81a8-145baaae2b9f,https://elements-preview-images-0.imgix.net/418cfec3-96b6-49fc-8a90-56f256861093?crop=top&fit=crop&fm=jpeg&h=80&q=80&w=120&s=00ea870768ba793b2d82c02d2ce75611,https://elements-preview-images-0.imgix.net/418cfec3-96b6-49fc-8a90-56f256861093?auto=compress%2Cformat&fit=max&w=632&s=c9150581378513ca01b62d0b2881d0fa,https://elements-preview-images-0.imgix.net/418cfec3-96b6-49fc-8a90-56f256861093?auto=compress%2Cformat&fit=max&w=2740&s=292182718956e907885d314a23124656
474c033e-e729-4e7a-81a8-145baaae2b9f,https://elements-preview-images-0.imgix.net/9ec7f018-1fa7-4555-9748-3414834582f9?crop=top&fit=crop&fm=jpeg&h=80&q=80&w=120&s=8c9ce0424837c7c9a577902ae4120700,https://elements-preview-images-0.imgix.net/9ec7f018-1fa7-4555-9748-3414834582f9?auto=compress%2Cformat&fit=max&w=632&s=b956fda390e4cf3f39d5613e7909b7c7,https://elements-preview-images-0.imgix.net/9ec7f018-1fa7-4555-9748-3414834582f9?auto=compress%2Cformat&fit=max&w=2740&s=31842ddc3cf15ea5512a84bec0adcc3d
7fb5678c-666f-4e19-ba88-29a4538769ba,https://elements-preview-images-0.imgix.net/4c4cf00c-6650-49be-9d43-f5d996d312db?crop=top&fit=crop&fm=jpeg&h=80&q=80&w=120&s=691b0aead56cfd9f51df7300dcb156e8,https://elements-preview-images-0.imgix.net/4c4cf00c-6650-49be-9d43-f5d996d312db?auto=compress%2Cformat&fit=max&w=632&s=aec50df97c022d527a4b149903747222,https://elements-preview-images-0.imgix.net/4c4cf00c-6650-49be-9d43-f5d996d312db?auto=compress%2Cformat&fit=max&w=2740&s=da61d1aecb4ec312b61c3d19bc82a1a3
7fb5678c-666f-4e19-ba88-29a4538769ba,https://elements-preview-images-0.imgix.net/91b92d81-f111-4357-afdd-556cdaf6b41d?crop=top&fit=crop&fm=jpeg&h=80&q=80&w=120&s=a5be5231fa790ad5fa5e825aebbcf8a2,https://elements-preview-images-0.imgix.net/91b92d81-f111-4357-afdd-556cdaf6b41d?auto=compress%2Cformat&fit=max&w=632&s=df974d5418887a1589fe1a004720d20f,https://elements-preview-images-0.imgix.net/91b92d81-f111-4357-afdd-556cdaf6b41d?auto=compress%2Cformat&fit=max&w=2740&s=5bb7e6d11929806bbe94ea2fc8ffcb36
7fb5678c-666f-4e19-ba88-29a4538769ba,https://elements-preview-images-0.imgix.net/f7e4416f-1891-4bf0-96ef-8ae264e215e1?crop=top&fit=crop&fm=jpeg&h=80&q=80&w=120&s=0ce00e9afe2c357c7d9e802fd8476aee,https://elements-preview-images-0.imgix.net/f7e4416f-1891-4bf0-96ef-8ae264e215e1?auto=compress%2Cformat&fit=max&w=632&s=8d7673f39ede7a8bfca61516977bc5d5,https://elements-preview-images-0.imgix.net/f7e4416f-1891-4bf0-96ef-8ae264e215e1?auto=compress%2Cformat&fit=max&w=2740&s=a898308160a1b55b5924a607570dddbf
672690fd-3eb2-4452-bfcc-1a9cf8765cf8,https://elements-preview-images-0.imgix.net/0b362d92-a125-437f-9f53-6326a0f8b72a?crop=top&fit=crop&fm=jpeg&h=80&q=80&w=120&s=de6f2d1c7708265addd6a159f98c178e,https://elements-preview-images-0.imgix.net/0b362d92-a125-437f-9f53-6326a0f8b72a?auto=compress%2Cformat&fit=max&w=632&s=93f7eaf763ed70fe1ef1e5b049950931,https://elements-preview-images-0.imgix.net/0b362d92-a125-437f-9f53-6326a0f8b72a?auto=compress%2Cformat&fit=max&w=2740&s=33b61f5a4db9d7aca8ffea284d9a1614
672690fd-3eb2-4452-bfcc-1a9cf8765cf8,https://elements-preview-images-0.imgix.net/44bc41fe-4a2c-476e-892e-29c96667db40?crop=top&fit=crop&fm=jpeg&h=80&q=80&w=120&s=15b1ba5cc8d23af360bcc576879b7595,https://elements-preview-images-0.imgix.net/44bc41fe-4a2c-476e-892e-29c96667db40?auto=compress%2Cformat&fit=max&w=632&s=1fe318574b7b07e32d778cb745e59f8b,https://elements-preview-images-0.imgix.net/44bc41fe-4a2c-476e-892e-29c96667db40?auto=compress%2Cformat&fit=max&w=2740&s=ef4f279ac8c3c7e6ff0d3849dd2dc07e
672690fd-3eb2-4452-bfcc-1a9cf8765cf8,https://elements-preview-images-0.imgix.net/b471f129-0ac8-4dd1-82de-beceea05ce35?crop=top&fit=crop&fm=jpeg&h=80&q=80&w=120&s=fe711e1daa79beec7fb79c108a8767f5,https://elements-preview-images-0.imgix.net/b471f129-0ac8-4dd1-82de-beceea05ce35?auto=compress%2Cformat&fit=max&w=632&s=2d3ec275dc5bba2c329b6c9db38db75c,https://elements-preview-images-0.imgix.net/b471f129-0ac8-4dd1-82de-beceea05ce35?auto=compress%2Cformat&fit=max&w=2740&s=d7c202b404036e11ca14626f72dbb505
c7ffe1a0-51ce-4130-ae04-d374ee2c488e,https://elements-preview-images-0.imgix.net/01debbf6-1c60-4874-afff-3b4a4cd42c6a?crop=top&fit=crop&fm=jpeg&h=80&q=80&w=120&s=30b7a0567de4e050df9e88afae716aee,https://elements-preview-images-0.imgix.net/01debbf6-1c60-4874-afff-3b4a4cd42c6a?auto=compress%2Cformat&fit=max&w=632&s=458667037ca0efe0e198ea185c611e5e,https://elements-preview-images-0.imgix.net/01debbf6-1c60-4874-afff-3b4a4cd42c6a?auto=compress%2Cformat&fit=max&w=2740&s=e62e335f1f71ed25a8252cd60e020f64
c7ffe1a0-51ce-4130-ae04-d374ee2c488e,https://elements-preview-images-0.imgix.net/5fea43f7-b4b2-4da3-82bc-b8ffdbe52ce7?crop=top&fit=crop&fm=jpeg&h=80&q=80&w=120&s=e5b486d74204d716fdfee7fa136e365e,https://elements-preview-images-0.imgix.net/5fea43f7-b4b2-4da3-82bc-b8ffdbe52ce7?auto=compress%2Cformat&fit=max&w=632&s=ba03a911d67f1b40dee365a8aee58388,https://elements-preview-images-0.imgix.net/5fea43f7-b4b2-4da3-82bc-b8ffdbe52ce7?auto=compress%2Cformat&fit=max&w=2740&s=5b0415da12fc442dc398e41eb12a560b
f9e88ddc-0c6b-419f-aeb5-3b4f1c73b14f,https://elements-preview-images-0.imgix.net/19d60959-4901-46a5-a450-dfc0d45d3e6f?crop=top&fit=crop&fm=jpeg&h=80&q=80&w=120&s=2990e445187321814148f8a7434e3027,https://elements-preview-images-0.imgix.net/19d60959-4901-46a5-a450-dfc0d45d3e6f?auto=compress%2Cformat&fit=max&w=632&s=13ab71e298d1803270539ac64ee26328,https://elements-preview-images-0.imgix.net/19d60959-4901-46a5-a450-dfc0d45d3e6f?auto=compress%2Cformat&fit=max&w=2740&s=ab439f1b6cfc02abc6fab941e935e4fa
f9e88ddc-0c6b-419f-aeb5-3b4f1c73b14f,https://elements-preview-images-0.imgix.net/bc11dd67-27df-46c8-9f52-e154ce2dd071?crop=top&fit=crop&fm=jpeg&h=80&q=80&w=120&s=137fda14e7ebc500eb820dcad7970a38,https://elements-preview-images-0.imgix.net/bc11dd67-27df-46c8-9f52-e154ce2dd071?auto=compress%2Cformat&fit=max&w=632&s=471210593c679f3f3aeefb95e25e4839,https://elements-preview-images-0.imgix.net/bc11dd67-27df-46c8-9f52-e154ce2dd071?auto=compress%2Cformat&fit=max&w=2740&s=15942f7485ae4b045e2678927444f911
cef9874d-f984-4557-94b9-e875b14fc3b1,https://elements-preview-images-0.imgix.net/085f4bb3-a807-4f5b-a271-bf9c341ad083?crop=top&fit=crop&fm=jpeg&h=80&q=80&w=120&s=a87e850b51919296da0ee1c230acfb56,https://elements-preview-images-0.imgix.net/085f4bb3-a807-4f5b-a271-bf9c341ad083?auto=compress%2Cformat&fit=max&w=632&s=3f800a0cd02f03fba9eddce981e3cbcf,https://elements-preview-images-0.imgix.net/085f4bb3-a807-4f5b-a271-bf9c341ad083?auto=compress%2Cformat&fit=max&w=2740&s=d5e09db0b4200f5bf7c922a5c28b573d
cef9874d-f984-4557-94b9-e875b14fc3b1,https://elements-preview-images-0.imgix.net/38097e4b-3f8e-4de9-bd6a-3d7fd0e47680?crop=top&fit=crop&fm=jpeg&h=80&q=80&w=120&s=4d442c04fcd0df3c4e7b5371dc123b09,https://elements-preview-images-0.imgix.net/38097e4b-3f8e-4de9-bd6a-3d7fd0e47680?auto=compress%2Cformat&fit=max&w=632&s=a61d9e9352f0190ce7dd0000de5865a0,https://elements-preview-images-0.imgix.net/38097e4b-3f8e-4de9-bd6a-3d7fd0e47680?auto=compress%2Cformat&fit=max&w=2740&s=5e44fdcd8837245bb69219c37d671f30
cef9874d-f984-4557-94b9-e875b14fc3b1,https://elements-preview-images-0.imgix.net/ec09ee31-4db6-462e-a8e5-0528caadbd93?crop=top&fit=crop&fm=jpeg&h=80&q=80&w=120&s=96f4f9f8a7b03f2b02bc74575fd02bad,https://elements-preview-images-0.imgix.net/ec09ee31-4db6-462e-a8e5-0528caadbd93?auto=compress%2Cformat&fit=max&w=632&s=f68b1a56836b25b5fb7309cce5494a9f,https://elements-preview-images-0.imgix.net/ec09ee31-4db6-462e-a8e5-0528caadbd93?auto=compress%2Cformat&fit=max&w=2740&s=364810f957ecd30f090e9533d5192c3a
379b2d31-1805-4885-a8f2-f7ef3e36ab43,https://elements-preview-images-0.imgix.net/355e6227-7582-4cbe-97df-422f6dd6bd41?crop=top&fit=crop&fm=jpeg&h=80&q=80&w=120&s=a471ad65c702a8771efd0b283b098d89,https://elements-preview-images-0.imgix.net/355e6227-7582-4cbe-97df-422f6dd6bd41?auto=compress%2Cformat&fit=max&w=632&s=3fa6add7996d2b039d81ac19769ceab3,https://elements-preview-images-0.imgix.net/355e6227-7582-4cbe-97df-422f6dd6bd41?auto=compress%2Cformat&fit=max&w=2740&s=008d3b394366c14f81c5f700a44a17b3
379b2d31-1805-4885-a8f2-f7ef3e36ab43,https://elements-preview-images-0.imgix.net/8e5a1833-dacc-422d-b73b-f779f6961079?crop=top&fit=crop&fm=jpeg&h=80&q=80&w=120&s=ad6f737f5c421558833c4c41877af642,https://elements-preview-images-0.imgix.net/8e5a1833-dacc-422d-b73b-f779f6961079?auto=compress%2Cformat&fit=max&w=632&s=7c1e5f29c030a6cadcadf8b6d9238a30,https://elements-preview-images-0.imgix.net/8e5a1833-dacc-422d-b73b-f779f6961079?auto=compress%2Cformat&fit=max&w=2740&s=e9049a2605527d75b0d78963a4b827c6
e8bdb808-af01-4520-b65c-6ceedbd2efb2,https://elements-preview-images-0.imgix.net/0c2a6157-47c4-419d-8a6c-12832ac495eb?crop=top&fit=crop&fm=jpeg&h=80&q=80&w=120&s=470b439bdc30a6fa6f7d7a1e128bba67,https://elements-preview-images-0.imgix.net/0c2a6157-47c4-419d-8a6c-12832ac495eb?auto=compress%2Cformat&fit=max&w=632&s=d94426a95f30481847a89220313936bf,https://elements-preview-images-0.imgix.net/0c2a6157-47c4-419d-8a6c-12832ac495eb?auto=compress%2Cformat&fit=max&w=2740&s=310bebe84171ba7b50d74715cbb1054d
e8bdb808-af01-4520-b65c-6ceedbd2efb2,https://elements-preview-images-0.imgix.net/2821b2c8-1670-4483-b5a3-51e1206f6b3b?crop=top&fit=crop&fm=jpeg&h=80&q=80&w=120&s=2ae90c5bf96cc1927cfe3dca90bcd12e,https://elements-preview-images-0.imgix.net/2821b2c8-1670-4483-b5a3-51e1206f6b3b?auto=compress%2Cformat&fit=max&w=632&s=96c525bf4611939cd3b250b48aa96739,https://elements-preview-images-0.imgix.net/2821b2c8-1670-4483-b5a3-51e1206f6b3b?auto=compress%2Cformat&fit=max&w=2740&s=cc3c0077186d2fb65c2215634a0b9706
e8bdb808-af01-4520-b65c-6ceedbd2efb2,https://elements-preview-images-0.imgix.net/5045a4e0-d7f0-47af-bed7-9961b39ecb0c?crop=top&fit=crop&fm=jpeg&h=80&q=80&w=120&s=d482dfb1c59aed4ca67ce930a79669ed,https://elements-preview-images-0.imgix.net/5045a4e0-d7f0-47af-bed7-9961b39ecb0c?auto=compress%2Cformat&fit=max&w=632&s=8c8c97d3436d738bbe4bee61284c8f58,https://elements-preview-images-0.imgix.net/5045a4e0-d7f0-47af-bed7-9961b39ecb0c?auto=compress%2Cformat&fit=max&w=2740&s=2c848d9753afd025347cc762fac1c14b
e4c78875-3563-4375-8b07-fd0bc7b31171,https://elements-preview-images-0.imgix.net/688a3608-be95-4f08-8a2a-fb8158bc1ec5?crop=top&fit=crop&fm=jpeg&h=80&q=80&w=120&s=197150148b285c99a56b2ff6d5612429,https://elements-preview-images-0.imgix.net/688a3608-be95-4f08-8a2a-fb8158bc1ec5?auto=compress%2Cformat&fit=max&w=632&s=51c626bbb684d5ff47e32c966f8e6577,https://elements-preview-images-0.imgix.net/688a3608-be95-4f08-8a2a-fb8158bc1ec5?auto=compress%2Cformat&fit=max&w=2740&s=54734184d12567c6ae6bda53d7a58fb8
e4c78875-3563-4375-8b07-fd0bc7b31171,https://elements-preview-images-0.imgix.net/893172ba-5331-421f-bd1f-348281513798?crop=top&fit=crop&fm=jpeg&h=80&q=80&w=120&s=ea70a3d38c313f724be6dd01754874ae,https://elements-preview-images-0.imgix.net/893172ba-5331-421f-bd1f-348281513798?auto=compress%2Cformat&fit=max&w=632&s=7974c35b353b15d3d56a60243a4f0aea,https://elements-preview-images-0.imgix.net/893172ba-5331-421f-bd1f-348281513798?auto=compress%2Cformat&fit=max&w=2740&s=37bd08eb13a47c2830e3b25bbf2c5347
e4c78875-3563-4375-8b07-fd0bc7b31171,https://elements-preview-images-0.imgix.net/d000c75e-35f2-4c50-bb71-fe1eecc50f47?crop=top&fit=crop&fm=jpeg&h=80&q=80&w=120&s=2c942deae4739531ca14269c691a45d9,https://elements-preview-images-0.imgix.net/d000c75e-35f2-4c50-bb71-fe1eecc50f47?auto=compress%2Cformat&fit=max&w=632&s=8c91f840836d156b047b3a48e9724097,https://elements-preview-images-0.imgix.net/d000c75e-35f2-4c50-bb71-fe1eecc50f47?auto=compress%2Cformat&fit=max&w=2740&s=cba291d90fbde74e1c8fc7af3cb7320a
