itemUuid,tag
c430fa7b-7aec-47de-90f4-92cd29605765,dvertisement
c430fa7b-7aec-47de-90f4-92cd29605765,template
c430fa7b-7aec-47de-90f4-92cd29605765,clean
c430fa7b-7aec-47de-90f4-92cd29605765,corporate
c430fa7b-7aec-47de-90f4-92cd29605765,creative
c430fa7b-7aec-47de-90f4-92cd29605765,key
c430fa7b-7aec-47de-90f4-92cd29605765,keynote
c430fa7b-7aec-47de-90f4-92cd29605765,marketing
c430fa7b-7aec-47de-90f4-92cd29605765,strategy
c430fa7b-7aec-47de-90f4-92cd29605765,modern
c430fa7b-7aec-47de-90f4-92cd29605765,presentation
c430fa7b-7aec-47de-90f4-92cd29605765,project
c430fa7b-7aec-47de-90f4-92cd29605765,proposal
0eeded9a-7e36-4d6e-a13d-b5fce785e18a,business
0eeded9a-7e36-4d6e-a13d-b5fce785e18a,plan
0eeded9a-7e36-4d6e-a13d-b5fce785e18a,graphicriver
0eeded9a-7e36-4d6e-a13d-b5fce785e18a,presentation
0eeded9a-7e36-4d6e-a13d-b5fce785e18a,marketing
0eeded9a-7e36-4d6e-a13d-b5fce785e18a,strategy
0eeded9a-7e36-4d6e-a13d-b5fce785e18a,powerpoint
0eeded9a-7e36-4d6e-a13d-b5fce785e18a,presentation
0eeded9a-7e36-4d6e-a13d-b5fce785e18a,slide
0eeded9a-7e36-4d6e-a13d-b5fce785e18a,science
0eeded9a-7e36-4d6e-a13d-b5fce785e18a,fair
0eeded9a-7e36-4d6e-a13d-b5fce785e18a,project
758c1060-473e-4bc8-87dc-d9f9bac34add,corporate
758c1060-473e-4bc8-87dc-d9f9bac34add,business
758c1060-473e-4bc8-87dc-d9f9bac34add,presentations
758c1060-473e-4bc8-87dc-d9f9bac34add,agency
758c1060-473e-4bc8-87dc-d9f9bac34add,boutique
758c1060-473e-4bc8-87dc-d9f9bac34add,branding
758c1060-473e-4bc8-87dc-d9f9bac34add,entrepreneur
758c1060-473e-4bc8-87dc-d9f9bac34add,keynote
758c1060-473e-4bc8-87dc-d9f9bac34add,magazine
758c1060-473e-4bc8-87dc-d9f9bac34add,model
758c1060-473e-4bc8-87dc-d9f9bac34add,modelling
758c1060-473e-4bc8-87dc-d9f9bac34add,modern
758c1060-473e-4bc8-87dc-d9f9bac34add,portfolio
758c1060-473e-4bc8-87dc-d9f9bac34add,professional
758c1060-473e-4bc8-87dc-d9f9bac34add,typography
85f53b6f-50aa-4d53-a15a-a7fc0d0f62cd,business
85f53b6f-50aa-4d53-a15a-a7fc0d0f62cd,company
85f53b6f-50aa-4d53-a15a-a7fc0d0f62cd,corporate
85f53b6f-50aa-4d53-a15a-a7fc0d0f62cd,modern
85f53b6f-50aa-4d53-a15a-a7fc0d0f62cd,presentation
85f53b6f-50aa-4d53-a15a-a7fc0d0f62cd,templates
5d16df9b-ad97-46ff-aaf0-b60f4309286f,clean
5d16df9b-ad97-46ff-aaf0-b60f4309286f,company
5d16df9b-ad97-46ff-aaf0-b60f4309286f,corporate
5d16df9b-ad97-46ff-aaf0-b60f4309286f,finance
5d16df9b-ad97-46ff-aaf0-b60f4309286f,graphics
5d16df9b-ad97-46ff-aaf0-b60f4309286f,marketing
5d16df9b-ad97-46ff-aaf0-b60f4309286f,strategy
5d16df9b-ad97-46ff-aaf0-b60f4309286f,modern
5d16df9b-ad97-46ff-aaf0-b60f4309286f,powerpoint
5d16df9b-ad97-46ff-aaf0-b60f4309286f,professional
5d16df9b-ad97-46ff-aaf0-b60f4309286f,social
5d16df9b-ad97-46ff-aaf0-b60f4309286f,startegy
5f394de9-a8a6-49cf-ab49-87954ed9682e,bottle
5f394de9-a8a6-49cf-ab49-87954ed9682e,doctor
5f394de9-a8a6-49cf-ab49-87954ed9682e,doctors
5f394de9-a8a6-49cf-ab49-87954ed9682e,education
5f394de9-a8a6-49cf-ab49-87954ed9682e,illustration
5f394de9-a8a6-49cf-ab49-87954ed9682e,image
5f394de9-a8a6-49cf-ab49-87954ed9682e,treatment
5f394de9-a8a6-49cf-ab49-87954ed9682e,nurses
5f394de9-a8a6-49cf-ab49-87954ed9682e,picture
5f394de9-a8a6-49cf-ab49-87954ed9682e,research
5f394de9-a8a6-49cf-ab49-87954ed9682e,science
5f394de9-a8a6-49cf-ab49-87954ed9682e,scientist
5f394de9-a8a6-49cf-ab49-87954ed9682e,teachers
5f394de9-a8a6-49cf-ab49-87954ed9682e,teaching
5f394de9-a8a6-49cf-ab49-87954ed9682e,vaccines
81f223e4-4a9b-43f3-8ccd-cfc94d6824f4,bottle
81f223e4-4a9b-43f3-8ccd-cfc94d6824f4,bottles
81f223e4-4a9b-43f3-8ccd-cfc94d6824f4,doctor
81f223e4-4a9b-43f3-8ccd-cfc94d6824f4,education
81f223e4-4a9b-43f3-8ccd-cfc94d6824f4,illustration
81f223e4-4a9b-43f3-8ccd-cfc94d6824f4,injections
81f223e4-4a9b-43f3-8ccd-cfc94d6824f4,laboratory
81f223e4-4a9b-43f3-8ccd-cfc94d6824f4,treatment
81f223e4-4a9b-43f3-8ccd-cfc94d6824f4,medicines
81f223e4-4a9b-43f3-8ccd-cfc94d6824f4,nurses
81f223e4-4a9b-43f3-8ccd-cfc94d6824f4,research
81f223e4-4a9b-43f3-8ccd-cfc94d6824f4,science
81f223e4-4a9b-43f3-8ccd-cfc94d6824f4,scientist
81f223e4-4a9b-43f3-8ccd-cfc94d6824f4,teaching
81f223e4-4a9b-43f3-8ccd-cfc94d6824f4,vaccines
d06516e4-39ef-49e0-bcf9-8b4d0d16f218,doctors
d06516e4-39ef-49e0-bcf9-8b4d0d16f218,education
d06516e4-39ef-49e0-bcf9-8b4d0d16f218,experiments
d06516e4-39ef-49e0-bcf9-8b4d0d16f218,illustration
d06516e4-39ef-49e0-bcf9-8b4d0d16f218,injections
d06516e4-39ef-49e0-bcf9-8b4d0d16f218,laboratory
d06516e4-39ef-49e0-bcf9-8b4d0d16f218,treatment
d06516e4-39ef-49e0-bcf9-8b4d0d16f218,medicines
d06516e4-39ef-49e0-bcf9-8b4d0d16f218,nurses
d06516e4-39ef-49e0-bcf9-8b4d0d16f218,research
d06516e4-39ef-49e0-bcf9-8b4d0d16f218,science
d06516e4-39ef-49e0-bcf9-8b4d0d16f218,scientist
d06516e4-39ef-49e0-bcf9-8b4d0d16f218,teacher
d06516e4-39ef-49e0-bcf9-8b4d0d16f218,teaching
d06516e4-39ef-49e0-bcf9-8b4d0d16f218,vaccines
318a7954-be0f-4d72-b6e8-c6ca98d748d6,business
318a7954-be0f-4d72-b6e8-c6ca98d748d6,company
318a7954-be0f-4d72-b6e8-c6ca98d748d6,creative
318a7954-be0f-4d72-b6e8-c6ca98d748d6,diagram
318a7954-be0f-4d72-b6e8-c6ca98d748d6,gradient
318a7954-be0f-4d72-b6e8-c6ca98d748d6,infographic
318a7954-be0f-4d72-b6e8-c6ca98d748d6,marketing
318a7954-be0f-4d72-b6e8-c6ca98d748d6,mockup
318a7954-be0f-4d72-b6e8-c6ca98d748d6,modern
318a7954-be0f-4d72-b6e8-c6ca98d748d6,presentation
318a7954-be0f-4d72-b6e8-c6ca98d748d6,puzzle
318a7954-be0f-4d72-b6e8-c6ca98d748d6,report
318a7954-be0f-4d72-b6e8-c6ca98d748d6,social
318a7954-be0f-4d72-b6e8-c6ca98d748d6,media
318a7954-be0f-4d72-b6e8-c6ca98d748d6,startup
51864613-87de-4282-9ccb-4646a54556d9,business
51864613-87de-4282-9ccb-4646a54556d9,clean
51864613-87de-4282-9ccb-4646a54556d9,company
51864613-87de-4282-9ccb-4646a54556d9,corporate
51864613-87de-4282-9ccb-4646a54556d9,creative
51864613-87de-4282-9ccb-4646a54556d9,diagram
51864613-87de-4282-9ccb-4646a54556d9,gradient
51864613-87de-4282-9ccb-4646a54556d9,marketing
51864613-87de-4282-9ccb-4646a54556d9,mockup
51864613-87de-4282-9ccb-4646a54556d9,premium
51864613-87de-4282-9ccb-4646a54556d9,social
51864613-87de-4282-9ccb-4646a54556d9,media
51864613-87de-4282-9ccb-4646a54556d9,startup
51864613-87de-4282-9ccb-4646a54556d9,swot
51864613-87de-4282-9ccb-4646a54556d9,template
ccd442f9-dad6-4d1f-b339-161da00c0387,business
ccd442f9-dad6-4d1f-b339-161da00c0387,clean
ccd442f9-dad6-4d1f-b339-161da00c0387,company
ccd442f9-dad6-4d1f-b339-161da00c0387,corporate
ccd442f9-dad6-4d1f-b339-161da00c0387,creative
ccd442f9-dad6-4d1f-b339-161da00c0387,maps
ccd442f9-dad6-4d1f-b339-161da00c0387,marketing
ccd442f9-dad6-4d1f-b339-161da00c0387,premium
ccd442f9-dad6-4d1f-b339-161da00c0387,report
ccd442f9-dad6-4d1f-b339-161da00c0387,simple
ccd442f9-dad6-4d1f-b339-161da00c0387,social
ccd442f9-dad6-4d1f-b339-161da00c0387,media
ccd442f9-dad6-4d1f-b339-161da00c0387,startup
ccd442f9-dad6-4d1f-b339-161da00c0387,swot
ccd442f9-dad6-4d1f-b339-161da00c0387,timeline
79124b51-35d0-4b05-b95c-d0e03ef69125,brainstorming
79124b51-35d0-4b05-b95c-d0e03ef69125,business
79124b51-35d0-4b05-b95c-d0e03ef69125,career
79124b51-35d0-4b05-b95c-d0e03ef69125,discussion
79124b51-35d0-4b05-b95c-d0e03ef69125,entrepreneur
79124b51-35d0-4b05-b95c-d0e03ef69125,group
79124b51-35d0-4b05-b95c-d0e03ef69125,laptop
79124b51-35d0-4b05-b95c-d0e03ef69125,management
79124b51-35d0-4b05-b95c-d0e03ef69125,professional
79124b51-35d0-4b05-b95c-d0e03ef69125,strategy
79124b51-35d0-4b05-b95c-d0e03ef69125,success
79124b51-35d0-4b05-b95c-d0e03ef69125,team
79124b51-35d0-4b05-b95c-d0e03ef69125,technology
79124b51-35d0-4b05-b95c-d0e03ef69125,work
79124b51-35d0-4b05-b95c-d0e03ef69125,workplace
7c544fd0-3698-4221-bfe8-ac2a00470928,business
7c544fd0-3698-4221-bfe8-ac2a00470928,career
7c544fd0-3698-4221-bfe8-ac2a00470928,communication
7c544fd0-3698-4221-bfe8-ac2a00470928,cooperation
7c544fd0-3698-4221-bfe8-ac2a00470928,corporate
7c544fd0-3698-4221-bfe8-ac2a00470928,entrepreneur
7c544fd0-3698-4221-bfe8-ac2a00470928,group
7c544fd0-3698-4221-bfe8-ac2a00470928,meeting
7c544fd0-3698-4221-bfe8-ac2a00470928,office
7c544fd0-3698-4221-bfe8-ac2a00470928,partnership
7c544fd0-3698-4221-bfe8-ac2a00470928,strategy
7c544fd0-3698-4221-bfe8-ac2a00470928,success
7c544fd0-3698-4221-bfe8-ac2a00470928,teamwork
7c544fd0-3698-4221-bfe8-ac2a00470928,technology
7c544fd0-3698-4221-bfe8-ac2a00470928,work
fe286c51-bf0c-495a-948b-c4a64916acff,brainstorming
fe286c51-bf0c-495a-948b-c4a64916acff,business
fe286c51-bf0c-495a-948b-c4a64916acff,career
fe286c51-bf0c-495a-948b-c4a64916acff,communication
fe286c51-bf0c-495a-948b-c4a64916acff,discussion
fe286c51-bf0c-495a-948b-c4a64916acff,entrepreneur
fe286c51-bf0c-495a-948b-c4a64916acff,group
fe286c51-bf0c-495a-948b-c4a64916acff,meeting
fe286c51-bf0c-495a-948b-c4a64916acff,office
fe286c51-bf0c-495a-948b-c4a64916acff,professional
fe286c51-bf0c-495a-948b-c4a64916acff,team
fe286c51-bf0c-495a-948b-c4a64916acff,teamwork
fe286c51-bf0c-495a-948b-c4a64916acff,technology
fe286c51-bf0c-495a-948b-c4a64916acff,work
fe286c51-bf0c-495a-948b-c4a64916acff,working
73cdd451-0883-4dc5-8568-4acb6478ac11,report
73cdd451-0883-4dc5-8568-4acb6478ac11,plan
73cdd451-0883-4dc5-8568-4acb6478ac11,chart
73cdd451-0883-4dc5-8568-4acb6478ac11,profile
73cdd451-0883-4dc5-8568-4acb6478ac11,consulting
73cdd451-0883-4dc5-8568-4acb6478ac11,agency
73cdd451-0883-4dc5-8568-4acb6478ac11,diagram
73cdd451-0883-4dc5-8568-4acb6478ac11,entrepreneur
73cdd451-0883-4dc5-8568-4acb6478ac11,marketing
73cdd451-0883-4dc5-8568-4acb6478ac11,deck
73cdd451-0883-4dc5-8568-4acb6478ac11,templates
73cdd451-0883-4dc5-8568-4acb6478ac11,professional
73cdd451-0883-4dc5-8568-4acb6478ac11,project
73cdd451-0883-4dc5-8568-4acb6478ac11,startup
73cdd451-0883-4dc5-8568-4acb6478ac11,team
dd04079f-3208-4819-8d4b-9170486e2e25,business
dd04079f-3208-4819-8d4b-9170486e2e25,creative
dd04079f-3208-4819-8d4b-9170486e2e25,diagram
dd04079f-3208-4819-8d4b-9170486e2e25,elements
dd04079f-3208-4819-8d4b-9170486e2e25,gallery
dd04079f-3208-4819-8d4b-9170486e2e25,infographic
dd04079f-3208-4819-8d4b-9170486e2e25,isometric
dd04079f-3208-4819-8d4b-9170486e2e25,marketing
dd04079f-3208-4819-8d4b-9170486e2e25,mockup
dd04079f-3208-4819-8d4b-9170486e2e25,pitch
dd04079f-3208-4819-8d4b-9170486e2e25,process
dd04079f-3208-4819-8d4b-9170486e2e25,seo
dd04079f-3208-4819-8d4b-9170486e2e25,slides
dd04079f-3208-4819-8d4b-9170486e2e25,startup
dd04079f-3208-4819-8d4b-9170486e2e25,target
4a96fe5a-7448-432b-9ac4-20db308bb3e0,asset
4a96fe5a-7448-432b-9ac4-20db308bb3e0,business
4a96fe5a-7448-432b-9ac4-20db308bb3e0,chart
4a96fe5a-7448-432b-9ac4-20db308bb3e0,diagram
4a96fe5a-7448-432b-9ac4-20db308bb3e0,elements
4a96fe5a-7448-432b-9ac4-20db308bb3e0,gallery
4a96fe5a-7448-432b-9ac4-20db308bb3e0,infographic
4a96fe5a-7448-432b-9ac4-20db308bb3e0,isometric
4a96fe5a-7448-432b-9ac4-20db308bb3e0,marketing
4a96fe5a-7448-432b-9ac4-20db308bb3e0,mockup
4a96fe5a-7448-432b-9ac4-20db308bb3e0,process
4a96fe5a-7448-432b-9ac4-20db308bb3e0,seo
4a96fe5a-7448-432b-9ac4-20db308bb3e0,template
4a96fe5a-7448-432b-9ac4-20db308bb3e0,timeline
4a96fe5a-7448-432b-9ac4-20db308bb3e0,vector
e1315076-142e-4d28-8caa-e83c6f8500a2,computer
e1315076-142e-4d28-8caa-e83c6f8500a2,digital
e1315076-142e-4d28-8caa-e83c6f8500a2,encryption
e1315076-142e-4d28-8caa-e83c6f8500a2,hacker
e1315076-142e-4d28-8caa-e83c6f8500a2,internet
e1315076-142e-4d28-8caa-e83c6f8500a2,it
e1315076-142e-4d28-8caa-e83c6f8500a2,network
e1315076-142e-4d28-8caa-e83c6f8500a2,networking
e1315076-142e-4d28-8caa-e83c6f8500a2,online
e1315076-142e-4d28-8caa-e83c6f8500a2,protection
e1315076-142e-4d28-8caa-e83c6f8500a2,robot
e1315076-142e-4d28-8caa-e83c6f8500a2,software
e1315076-142e-4d28-8caa-e83c6f8500a2,startup
e1315076-142e-4d28-8caa-e83c6f8500a2,system
e1315076-142e-4d28-8caa-e83c6f8500a2,technology
f60088f7-53cb-4f0e-8bf1-219a8d6da068,computer
f60088f7-53cb-4f0e-8bf1-219a8d6da068,security
f60088f7-53cb-4f0e-8bf1-219a8d6da068,digital
f60088f7-53cb-4f0e-8bf1-219a8d6da068,encryption
f60088f7-53cb-4f0e-8bf1-219a8d6da068,internet
f60088f7-53cb-4f0e-8bf1-219a8d6da068,it
f60088f7-53cb-4f0e-8bf1-219a8d6da068,solutions
f60088f7-53cb-4f0e-8bf1-219a8d6da068,network
f60088f7-53cb-4f0e-8bf1-219a8d6da068,networking
f60088f7-53cb-4f0e-8bf1-219a8d6da068,online
f60088f7-53cb-4f0e-8bf1-219a8d6da068,robot
f60088f7-53cb-4f0e-8bf1-219a8d6da068,software
f60088f7-53cb-4f0e-8bf1-219a8d6da068,startup
f60088f7-53cb-4f0e-8bf1-219a8d6da068,system
f60088f7-53cb-4f0e-8bf1-219a8d6da068,technology
03eb2aed-324e-4dcb-b2ee-63ece6f3f6bf,computer
03eb2aed-324e-4dcb-b2ee-63ece6f3f6bf,security
03eb2aed-324e-4dcb-b2ee-63ece6f3f6bf,digital
03eb2aed-324e-4dcb-b2ee-63ece6f3f6bf,encryption
03eb2aed-324e-4dcb-b2ee-63ece6f3f6bf,hacker
03eb2aed-324e-4dcb-b2ee-63ece6f3f6bf,information
03eb2aed-324e-4dcb-b2ee-63ece6f3f6bf,it
03eb2aed-324e-4dcb-b2ee-63ece6f3f6bf,solutions
03eb2aed-324e-4dcb-b2ee-63ece6f3f6bf,networking
03eb2aed-324e-4dcb-b2ee-63ece6f3f6bf,online
03eb2aed-324e-4dcb-b2ee-63ece6f3f6bf,robot
03eb2aed-324e-4dcb-b2ee-63ece6f3f6bf,software
03eb2aed-324e-4dcb-b2ee-63ece6f3f6bf,startup
03eb2aed-324e-4dcb-b2ee-63ece6f3f6bf,system
03eb2aed-324e-4dcb-b2ee-63ece6f3f6bf,technology
eab4eaca-6523-4aee-a85f-753f69510b41,brainstorming
eab4eaca-6523-4aee-a85f-753f69510b41,business
eab4eaca-6523-4aee-a85f-753f69510b41,corporate
eab4eaca-6523-4aee-a85f-753f69510b41,management
eab4eaca-6523-4aee-a85f-753f69510b41,meeting
eab4eaca-6523-4aee-a85f-753f69510b41,modern
eab4eaca-6523-4aee-a85f-753f69510b41,office
eab4eaca-6523-4aee-a85f-753f69510b41,partnership
eab4eaca-6523-4aee-a85f-753f69510b41,professional
eab4eaca-6523-4aee-a85f-753f69510b41,strategy
eab4eaca-6523-4aee-a85f-753f69510b41,success
eab4eaca-6523-4aee-a85f-753f69510b41,team
eab4eaca-6523-4aee-a85f-753f69510b41,teamwork
eab4eaca-6523-4aee-a85f-753f69510b41,technology
eab4eaca-6523-4aee-a85f-753f69510b41,work
3953765e-6bab-4ec6-a2e5-07344d2bb44a,business
3953765e-6bab-4ec6-a2e5-07344d2bb44a,science
3953765e-6bab-4ec6-a2e5-07344d2bb44a,fair
3953765e-6bab-4ec6-a2e5-07344d2bb44a,strategy
3953765e-6bab-4ec6-a2e5-07344d2bb44a,slide
3953765e-6bab-4ec6-a2e5-07344d2bb44a,communication
3953765e-6bab-4ec6-a2e5-07344d2bb44a,computer
3953765e-6bab-4ec6-a2e5-07344d2bb44a,digital
3953765e-6bab-4ec6-a2e5-07344d2bb44a,graphic
3953765e-6bab-4ec6-a2e5-07344d2bb44a,innovation
3953765e-6bab-4ec6-a2e5-07344d2bb44a,network
3953765e-6bab-4ec6-a2e5-07344d2bb44a,robot
3953765e-6bab-4ec6-a2e5-07344d2bb44a,software
3953765e-6bab-4ec6-a2e5-07344d2bb44a,tech
3953765e-6bab-4ec6-a2e5-07344d2bb44a,technology
fdc01175-1dd8-4d89-8b26-b01869d8e7f4,business
fdc01175-1dd8-4d89-8b26-b01869d8e7f4,communication
fdc01175-1dd8-4d89-8b26-b01869d8e7f4,cyber
fdc01175-1dd8-4d89-8b26-b01869d8e7f4,digital
fdc01175-1dd8-4d89-8b26-b01869d8e7f4,global
fdc01175-1dd8-4d89-8b26-b01869d8e7f4,graphic
fdc01175-1dd8-4d89-8b26-b01869d8e7f4,innovation
fdc01175-1dd8-4d89-8b26-b01869d8e7f4,internet
fdc01175-1dd8-4d89-8b26-b01869d8e7f4,robot
fdc01175-1dd8-4d89-8b26-b01869d8e7f4,science
fdc01175-1dd8-4d89-8b26-b01869d8e7f4,server
fdc01175-1dd8-4d89-8b26-b01869d8e7f4,software
fdc01175-1dd8-4d89-8b26-b01869d8e7f4,space
fdc01175-1dd8-4d89-8b26-b01869d8e7f4,technology
fdc01175-1dd8-4d89-8b26-b01869d8e7f4,web
254eb602-b189-4c04-9616-85db6b535e8e,bus
254eb602-b189-4c04-9616-85db6b535e8e,business
254eb602-b189-4c04-9616-85db6b535e8e,design
254eb602-b189-4c04-9616-85db6b535e8e,diagram
254eb602-b189-4c04-9616-85db6b535e8e,illustration
254eb602-b189-4c04-9616-85db6b535e8e,introduction
254eb602-b189-4c04-9616-85db6b535e8e,road
254eb602-b189-4c04-9616-85db6b535e8e,traffic
254eb602-b189-4c04-9616-85db6b535e8e,subway
254eb602-b189-4c04-9616-85db6b535e8e,taxi
254eb602-b189-4c04-9616-85db6b535e8e,transport
254eb602-b189-4c04-9616-85db6b535e8e,transportation
254eb602-b189-4c04-9616-85db6b535e8e,train
254eb602-b189-4c04-9616-85db6b535e8e,airplane
254eb602-b189-4c04-9616-85db6b535e8e,ship
1e4ae0e7-b763-418c-b09d-9aa902fdc729,bus
1e4ae0e7-b763-418c-b09d-9aa902fdc729,business
1e4ae0e7-b763-418c-b09d-9aa902fdc729,design
1e4ae0e7-b763-418c-b09d-9aa902fdc729,template
1e4ae0e7-b763-418c-b09d-9aa902fdc729,diagram
1e4ae0e7-b763-418c-b09d-9aa902fdc729,illustration
1e4ae0e7-b763-418c-b09d-9aa902fdc729,road
1e4ae0e7-b763-418c-b09d-9aa902fdc729,traffic
1e4ae0e7-b763-418c-b09d-9aa902fdc729,subway
1e4ae0e7-b763-418c-b09d-9aa902fdc729,taxi
1e4ae0e7-b763-418c-b09d-9aa902fdc729,transport
1e4ae0e7-b763-418c-b09d-9aa902fdc729,car
1e4ae0e7-b763-418c-b09d-9aa902fdc729,ship
1e4ae0e7-b763-418c-b09d-9aa902fdc729,train
1e4ae0e7-b763-418c-b09d-9aa902fdc729,airplane
395b5c57-9a22-44bd-86a6-73f46f36de47,bus
395b5c57-9a22-44bd-86a6-73f46f36de47,business
395b5c57-9a22-44bd-86a6-73f46f36de47,photo
395b5c57-9a22-44bd-86a6-73f46f36de47,design
395b5c57-9a22-44bd-86a6-73f46f36de47,diagram
395b5c57-9a22-44bd-86a6-73f46f36de47,illustration
395b5c57-9a22-44bd-86a6-73f46f36de47,road
395b5c57-9a22-44bd-86a6-73f46f36de47,traffic
395b5c57-9a22-44bd-86a6-73f46f36de47,subway
395b5c57-9a22-44bd-86a6-73f46f36de47,taxi
395b5c57-9a22-44bd-86a6-73f46f36de47,transport
395b5c57-9a22-44bd-86a6-73f46f36de47,car
395b5c57-9a22-44bd-86a6-73f46f36de47,ship
395b5c57-9a22-44bd-86a6-73f46f36de47,train
395b5c57-9a22-44bd-86a6-73f46f36de47,airplane
d735b852-47c5-49d0-8e39-f679861742df,3d
d735b852-47c5-49d0-8e39-f679861742df,artificial
d735b852-47c5-49d0-8e39-f679861742df,reality
d735b852-47c5-49d0-8e39-f679861742df,blockchain
d735b852-47c5-49d0-8e39-f679861742df,business
d735b852-47c5-49d0-8e39-f679861742df,concept
d735b852-47c5-49d0-8e39-f679861742df,cryptocurrency
d735b852-47c5-49d0-8e39-f679861742df,digital
d735b852-47c5-49d0-8e39-f679861742df,metaverse
d735b852-47c5-49d0-8e39-f679861742df,network
d735b852-47c5-49d0-8e39-f679861742df,nft
d735b852-47c5-49d0-8e39-f679861742df,simulation
d735b852-47c5-49d0-8e39-f679861742df,technology
d735b852-47c5-49d0-8e39-f679861742df,virtual
d735b852-47c5-49d0-8e39-f679861742df,virtual
29ab3ef9-ded6-4ad1-9aa2-ce5d997696f1,3d
29ab3ef9-ded6-4ad1-9aa2-ce5d997696f1,ar
29ab3ef9-ded6-4ad1-9aa2-ce5d997696f1,artificial
29ab3ef9-ded6-4ad1-9aa2-ce5d997696f1,intelligence
29ab3ef9-ded6-4ad1-9aa2-ce5d997696f1,reality
29ab3ef9-ded6-4ad1-9aa2-ce5d997696f1,blockchain
29ab3ef9-ded6-4ad1-9aa2-ce5d997696f1,business
29ab3ef9-ded6-4ad1-9aa2-ce5d997696f1,communication
29ab3ef9-ded6-4ad1-9aa2-ce5d997696f1,cryptocurrency
29ab3ef9-ded6-4ad1-9aa2-ce5d997696f1,digital
29ab3ef9-ded6-4ad1-9aa2-ce5d997696f1,internet
29ab3ef9-ded6-4ad1-9aa2-ce5d997696f1,metaverse
29ab3ef9-ded6-4ad1-9aa2-ce5d997696f1,network
29ab3ef9-ded6-4ad1-9aa2-ce5d997696f1,nft
29ab3ef9-ded6-4ad1-9aa2-ce5d997696f1,technology
97e56e92-28f0-410a-903d-986c7cf7bf7c,artificial
97e56e92-28f0-410a-903d-986c7cf7bf7c,intelligence
97e56e92-28f0-410a-903d-986c7cf7bf7c,blockchain
97e56e92-28f0-410a-903d-986c7cf7bf7c,business
97e56e92-28f0-410a-903d-986c7cf7bf7c,communication
97e56e92-28f0-410a-903d-986c7cf7bf7c,digital
97e56e92-28f0-410a-903d-986c7cf7bf7c,innovation
97e56e92-28f0-410a-903d-986c7cf7bf7c,internet
97e56e92-28f0-410a-903d-986c7cf7bf7c,metaverse
97e56e92-28f0-410a-903d-986c7cf7bf7c,network
97e56e92-28f0-410a-903d-986c7cf7bf7c,nft
97e56e92-28f0-410a-903d-986c7cf7bf7c,online
97e56e92-28f0-410a-903d-986c7cf7bf7c,simulation
97e56e92-28f0-410a-903d-986c7cf7bf7c,technology
97e56e92-28f0-410a-903d-986c7cf7bf7c,vr
dcd1d119-c51c-41f6-ac5f-2e16de2c2361,clean
dcd1d119-c51c-41f6-ac5f-2e16de2c2361,cleaning
dcd1d119-c51c-41f6-ac5f-2e16de2c2361,clothes
dcd1d119-c51c-41f6-ac5f-2e16de2c2361,domestic
dcd1d119-c51c-41f6-ac5f-2e16de2c2361,dry
dcd1d119-c51c-41f6-ac5f-2e16de2c2361,dryer
dcd1d119-c51c-41f6-ac5f-2e16de2c2361,housekeeping
dcd1d119-c51c-41f6-ac5f-2e16de2c2361,housework
dcd1d119-c51c-41f6-ac5f-2e16de2c2361,laundry
dcd1d119-c51c-41f6-ac5f-2e16de2c2361,machine
dcd1d119-c51c-41f6-ac5f-2e16de2c2361,presentation
dcd1d119-c51c-41f6-ac5f-2e16de2c2361,services
dcd1d119-c51c-41f6-ac5f-2e16de2c2361,wash
dcd1d119-c51c-41f6-ac5f-2e16de2c2361,washer
dcd1d119-c51c-41f6-ac5f-2e16de2c2361,washing
d0333f1b-a8bc-481c-8cfc-3ede2e70d476,apparel
d0333f1b-a8bc-481c-8cfc-3ede2e70d476,beauty
d0333f1b-a8bc-481c-8cfc-3ede2e70d476,casual
d0333f1b-a8bc-481c-8cfc-3ede2e70d476,clothes
d0333f1b-a8bc-481c-8cfc-3ede2e70d476,clothing
d0333f1b-a8bc-481c-8cfc-3ede2e70d476,shop
d0333f1b-a8bc-481c-8cfc-3ede2e70d476,hypebeast
d0333f1b-a8bc-481c-8cfc-3ede2e70d476,lifestyle
d0333f1b-a8bc-481c-8cfc-3ede2e70d476,model
d0333f1b-a8bc-481c-8cfc-3ede2e70d476,skincare
d0333f1b-a8bc-481c-8cfc-3ede2e70d476,sneakers
d0333f1b-a8bc-481c-8cfc-3ede2e70d476,streetwear
d0333f1b-a8bc-481c-8cfc-3ede2e70d476,stylish
d0333f1b-a8bc-481c-8cfc-3ede2e70d476,sweater
d0333f1b-a8bc-481c-8cfc-3ede2e70d476,tshirt
c6959db1-861a-4306-953a-407a1cf01d2f,clean
c6959db1-861a-4306-953a-407a1cf01d2f,cleaning
c6959db1-861a-4306-953a-407a1cf01d2f,clothes
c6959db1-861a-4306-953a-407a1cf01d2f,domestic
c6959db1-861a-4306-953a-407a1cf01d2f,dry
c6959db1-861a-4306-953a-407a1cf01d2f,dryer
c6959db1-861a-4306-953a-407a1cf01d2f,housekeeping
c6959db1-861a-4306-953a-407a1cf01d2f,housework
c6959db1-861a-4306-953a-407a1cf01d2f,laundry
c6959db1-861a-4306-953a-407a1cf01d2f,machine
c6959db1-861a-4306-953a-407a1cf01d2f,presentation
c6959db1-861a-4306-953a-407a1cf01d2f,services
c6959db1-861a-4306-953a-407a1cf01d2f,wash
c6959db1-861a-4306-953a-407a1cf01d2f,washer
c6959db1-861a-4306-953a-407a1cf01d2f,washing
be250708-0908-4153-9de9-ef0c50d2118e,agency
be250708-0908-4153-9de9-ef0c50d2118e,art
be250708-0908-4153-9de9-ef0c50d2118e,band
be250708-0908-4153-9de9-ef0c50d2118e,boutique
be250708-0908-4153-9de9-ef0c50d2118e,branding
be250708-0908-4153-9de9-ef0c50d2118e,clean
be250708-0908-4153-9de9-ef0c50d2118e,clothes
be250708-0908-4153-9de9-ef0c50d2118e,creative
be250708-0908-4153-9de9-ef0c50d2118e,design
be250708-0908-4153-9de9-ef0c50d2118e,entrepreneur
be250708-0908-4153-9de9-ef0c50d2118e,fashion
be250708-0908-4153-9de9-ef0c50d2118e,magazine
be250708-0908-4153-9de9-ef0c50d2118e,microsoft
be250708-0908-4153-9de9-ef0c50d2118e,model
be250708-0908-4153-9de9-ef0c50d2118e,bag
a05aea71-c805-4aec-992f-df2c6401800b,apparel
a05aea71-c805-4aec-992f-df2c6401800b,beauty
a05aea71-c805-4aec-992f-df2c6401800b,casual
a05aea71-c805-4aec-992f-df2c6401800b,clothes
a05aea71-c805-4aec-992f-df2c6401800b,clothing
a05aea71-c805-4aec-992f-df2c6401800b,dress
a05aea71-c805-4aec-992f-df2c6401800b,ecommerce
a05aea71-c805-4aec-992f-df2c6401800b,hypebeast
a05aea71-c805-4aec-992f-df2c6401800b,model
a05aea71-c805-4aec-992f-df2c6401800b,skincare
a05aea71-c805-4aec-992f-df2c6401800b,sneakers
a05aea71-c805-4aec-992f-df2c6401800b,streetwear
a05aea71-c805-4aec-992f-df2c6401800b,sweater
a05aea71-c805-4aec-992f-df2c6401800b,tshirt
a05aea71-c805-4aec-992f-df2c6401800b,wardrobe
d1886a6e-d35c-44fa-8817-60564d4e95b9,advertising
d1886a6e-d35c-44fa-8817-60564d4e95b9,apparel
d1886a6e-d35c-44fa-8817-60564d4e95b9,artist
d1886a6e-d35c-44fa-8817-60564d4e95b9,beauty
d1886a6e-d35c-44fa-8817-60564d4e95b9,boutique
d1886a6e-d35c-44fa-8817-60564d4e95b9,casual
d1886a6e-d35c-44fa-8817-60564d4e95b9,clothes
d1886a6e-d35c-44fa-8817-60564d4e95b9,clothing
d1886a6e-d35c-44fa-8817-60564d4e95b9,cosmetic
d1886a6e-d35c-44fa-8817-60564d4e95b9,dress
d1886a6e-d35c-44fa-8817-60564d4e95b9,ecommerce
d1886a6e-d35c-44fa-8817-60564d4e95b9,shop
d1886a6e-d35c-44fa-8817-60564d4e95b9,female
d1886a6e-d35c-44fa-8817-60564d4e95b9,hypebeast
d1886a6e-d35c-44fa-8817-60564d4e95b9,lifestyle
f0e53c83-1e82-4a1a-9c42-49ddb6f2dfaf,agency
f0e53c83-1e82-4a1a-9c42-49ddb6f2dfaf,art
f0e53c83-1e82-4a1a-9c42-49ddb6f2dfaf,boutique
f0e53c83-1e82-4a1a-9c42-49ddb6f2dfaf,branding
f0e53c83-1e82-4a1a-9c42-49ddb6f2dfaf,business
f0e53c83-1e82-4a1a-9c42-49ddb6f2dfaf,clothes
f0e53c83-1e82-4a1a-9c42-49ddb6f2dfaf,design
f0e53c83-1e82-4a1a-9c42-49ddb6f2dfaf,entrepreneur
f0e53c83-1e82-4a1a-9c42-49ddb6f2dfaf,fashion
f0e53c83-1e82-4a1a-9c42-49ddb6f2dfaf,magazine
f0e53c83-1e82-4a1a-9c42-49ddb6f2dfaf,model
f0e53c83-1e82-4a1a-9c42-49ddb6f2dfaf,modelling
f0e53c83-1e82-4a1a-9c42-49ddb6f2dfaf,style
f0e53c83-1e82-4a1a-9c42-49ddb6f2dfaf,typography
f0e53c83-1e82-4a1a-9c42-49ddb6f2dfaf,bag
fa23cfa3-bf90-452c-8565-5f9162b6e0f6,clean
fa23cfa3-bf90-452c-8565-5f9162b6e0f6,cleaning
fa23cfa3-bf90-452c-8565-5f9162b6e0f6,clothes
fa23cfa3-bf90-452c-8565-5f9162b6e0f6,domestic
fa23cfa3-bf90-452c-8565-5f9162b6e0f6,dry
fa23cfa3-bf90-452c-8565-5f9162b6e0f6,dryer
fa23cfa3-bf90-452c-8565-5f9162b6e0f6,housekeeping
fa23cfa3-bf90-452c-8565-5f9162b6e0f6,housework
fa23cfa3-bf90-452c-8565-5f9162b6e0f6,laundry
fa23cfa3-bf90-452c-8565-5f9162b6e0f6,machine
fa23cfa3-bf90-452c-8565-5f9162b6e0f6,presentation
fa23cfa3-bf90-452c-8565-5f9162b6e0f6,services
fa23cfa3-bf90-452c-8565-5f9162b6e0f6,wash
fa23cfa3-bf90-452c-8565-5f9162b6e0f6,washer
fa23cfa3-bf90-452c-8565-5f9162b6e0f6,washing
7a891134-6d75-4686-a621-938f64e6c870,advertising
7a891134-6d75-4686-a621-938f64e6c870,apparel
7a891134-6d75-4686-a621-938f64e6c870,artist
7a891134-6d75-4686-a621-938f64e6c870,beauty
7a891134-6d75-4686-a621-938f64e6c870,boutique
7a891134-6d75-4686-a621-938f64e6c870,casual
7a891134-6d75-4686-a621-938f64e6c870,clothes
7a891134-6d75-4686-a621-938f64e6c870,clothing
7a891134-6d75-4686-a621-938f64e6c870,cosmetic
7a891134-6d75-4686-a621-938f64e6c870,dress
7a891134-6d75-4686-a621-938f64e6c870,ecommerce
7a891134-6d75-4686-a621-938f64e6c870,shop
7a891134-6d75-4686-a621-938f64e6c870,glamour
7a891134-6d75-4686-a621-938f64e6c870,hypebeast
7a891134-6d75-4686-a621-938f64e6c870,lifestyle
c3bd28bc-a108-4e7e-9217-a80bbd8acf80,apparel
c3bd28bc-a108-4e7e-9217-a80bbd8acf80,beauty
c3bd28bc-a108-4e7e-9217-a80bbd8acf80,casual
c3bd28bc-a108-4e7e-9217-a80bbd8acf80,clothes
c3bd28bc-a108-4e7e-9217-a80bbd8acf80,clothing
c3bd28bc-a108-4e7e-9217-a80bbd8acf80,dress
c3bd28bc-a108-4e7e-9217-a80bbd8acf80,shop
c3bd28bc-a108-4e7e-9217-a80bbd8acf80,hypebeast
c3bd28bc-a108-4e7e-9217-a80bbd8acf80,lifestyle
c3bd28bc-a108-4e7e-9217-a80bbd8acf80,model
c3bd28bc-a108-4e7e-9217-a80bbd8acf80,sneakers
c3bd28bc-a108-4e7e-9217-a80bbd8acf80,streetwear
c3bd28bc-a108-4e7e-9217-a80bbd8acf80,sweater
c3bd28bc-a108-4e7e-9217-a80bbd8acf80,tshirt
c3bd28bc-a108-4e7e-9217-a80bbd8acf80,wardrobe
474c033e-e729-4e7a-81a8-145baaae2b9f,advertising
474c033e-e729-4e7a-81a8-145baaae2b9f,apparel
474c033e-e729-4e7a-81a8-145baaae2b9f,beauty
474c033e-e729-4e7a-81a8-145baaae2b9f,boutique
474c033e-e729-4e7a-81a8-145baaae2b9f,casual
474c033e-e729-4e7a-81a8-145baaae2b9f,clothes
474c033e-e729-4e7a-81a8-145baaae2b9f,cosmetic
474c033e-e729-4e7a-81a8-145baaae2b9f,dress
474c033e-e729-4e7a-81a8-145baaae2b9f,shop
474c033e-e729-4e7a-81a8-145baaae2b9f,hypebeast
474c033e-e729-4e7a-81a8-145baaae2b9f,lifestyle
474c033e-e729-4e7a-81a8-145baaae2b9f,model
474c033e-e729-4e7a-81a8-145baaae2b9f,skincare
474c033e-e729-4e7a-81a8-145baaae2b9f,sneakers
474c033e-e729-4e7a-81a8-145baaae2b9f,streetwear
7fb5678c-666f-4e19-ba88-29a4538769ba,agency
7fb5678c-666f-4e19-ba88-29a4538769ba,art
7fb5678c-666f-4e19-ba88-29a4538769ba,boutique
7fb5678c-666f-4e19-ba88-29a4538769ba,branding
7fb5678c-666f-4e19-ba88-29a4538769ba,business
7fb5678c-666f-4e19-ba88-29a4538769ba,classic
7fb5678c-666f-4e19-ba88-29a4538769ba,clean
7fb5678c-666f-4e19-ba88-29a4538769ba,clothes
7fb5678c-666f-4e19-ba88-29a4538769ba,creative
7fb5678c-666f-4e19-ba88-29a4538769ba,design
7fb5678c-666f-4e19-ba88-29a4538769ba,entrepreneur
7fb5678c-666f-4e19-ba88-29a4538769ba,fashion
7fb5678c-666f-4e19-ba88-29a4538769ba,magazine
7fb5678c-666f-4e19-ba88-29a4538769ba,model
7fb5678c-666f-4e19-ba88-29a4538769ba,bag
672690fd-3eb2-4452-bfcc-1a9cf8765cf8,ecommerce
672690fd-3eb2-4452-bfcc-1a9cf8765cf8,infographics
672690fd-3eb2-4452-bfcc-1a9cf8765cf8,marketing
672690fd-3eb2-4452-bfcc-1a9cf8765cf8,marketing
672690fd-3eb2-4452-bfcc-1a9cf8765cf8,strategy
672690fd-3eb2-4452-bfcc-1a9cf8765cf8,modern
672690fd-3eb2-4452-bfcc-1a9cf8765cf8,pitch
672690fd-3eb2-4452-bfcc-1a9cf8765cf8,deck
672690fd-3eb2-4452-bfcc-1a9cf8765cf8,powerpoint
672690fd-3eb2-4452-bfcc-1a9cf8765cf8,premium
672690fd-3eb2-4452-bfcc-1a9cf8765cf8,report
672690fd-3eb2-4452-bfcc-1a9cf8765cf8,smart
672690fd-3eb2-4452-bfcc-1a9cf8765cf8,social
672690fd-3eb2-4452-bfcc-1a9cf8765cf8,media
672690fd-3eb2-4452-bfcc-1a9cf8765cf8,startup
c7ffe1a0-51ce-4130-ae04-d374ee2c488e,3d
c7ffe1a0-51ce-4130-ae04-d374ee2c488e,charts
c7ffe1a0-51ce-4130-ae04-d374ee2c488e,analytics
c7ffe1a0-51ce-4130-ae04-d374ee2c488e,annual
c7ffe1a0-51ce-4130-ae04-d374ee2c488e,business
c7ffe1a0-51ce-4130-ae04-d374ee2c488e,creative
c7ffe1a0-51ce-4130-ae04-d374ee2c488e,diagrams
c7ffe1a0-51ce-4130-ae04-d374ee2c488e,editable
c7ffe1a0-51ce-4130-ae04-d374ee2c488e,excel
c7ffe1a0-51ce-4130-ae04-d374ee2c488e,finance
c7ffe1a0-51ce-4130-ae04-d374ee2c488e,graphs
c7ffe1a0-51ce-4130-ae04-d374ee2c488e,infographics
c7ffe1a0-51ce-4130-ae04-d374ee2c488e,marketing
c7ffe1a0-51ce-4130-ae04-d374ee2c488e,report
c7ffe1a0-51ce-4130-ae04-d374ee2c488e,sales
f9e88ddc-0c6b-419f-aeb5-3b4f1c73b14f,arrow
f9e88ddc-0c6b-419f-aeb5-3b4f1c73b14f,biz
f9e88ddc-0c6b-419f-aeb5-3b4f1c73b14f,business
f9e88ddc-0c6b-419f-aeb5-3b4f1c73b14f,chart
f9e88ddc-0c6b-419f-aeb5-3b4f1c73b14f,diagram
f9e88ddc-0c6b-419f-aeb5-3b4f1c73b14f,flow
f9e88ddc-0c6b-419f-aeb5-3b4f1c73b14f,folded
f9e88ddc-0c6b-419f-aeb5-3b4f1c73b14f,funnel
f9e88ddc-0c6b-419f-aeb5-3b4f1c73b14f,geometric
f9e88ddc-0c6b-419f-aeb5-3b4f1c73b14f,infographic
f9e88ddc-0c6b-419f-aeb5-3b4f1c73b14f,marketing
f9e88ddc-0c6b-419f-aeb5-3b4f1c73b14f,process
f9e88ddc-0c6b-419f-aeb5-3b4f1c73b14f,puzzle
f9e88ddc-0c6b-419f-aeb5-3b4f1c73b14f,pyramid
cef9874d-f984-4557-94b9-e875b14fc3b1,3d
cef9874d-f984-4557-94b9-e875b14fc3b1,charts
cef9874d-f984-4557-94b9-e875b14fc3b1,area
cef9874d-f984-4557-94b9-e875b14fc3b1,bar
cef9874d-f984-4557-94b9-e875b14fc3b1,business
cef9874d-f984-4557-94b9-e875b14fc3b1,chart
cef9874d-f984-4557-94b9-e875b14fc3b1,client
cef9874d-f984-4557-94b9-e875b14fc3b1,column
cef9874d-f984-4557-94b9-e875b14fc3b1,gantt
cef9874d-f984-4557-94b9-e875b14fc3b1,charts
cef9874d-f984-4557-94b9-e875b14fc3b1,line
cef9874d-f984-4557-94b9-e875b14fc3b1,mountain
cef9874d-f984-4557-94b9-e875b14fc3b1,pie
cef9874d-f984-4557-94b9-e875b14fc3b1,pyramid
cef9874d-f984-4557-94b9-e875b14fc3b1,charts
379b2d31-1805-4885-a8f2-f7ef3e36ab43,arrow
379b2d31-1805-4885-a8f2-f7ef3e36ab43,chart
379b2d31-1805-4885-a8f2-f7ef3e36ab43,company
379b2d31-1805-4885-a8f2-f7ef3e36ab43,creative
379b2d31-1805-4885-a8f2-f7ef3e36ab43,diagram
379b2d31-1805-4885-a8f2-f7ef3e36ab43,flow
379b2d31-1805-4885-a8f2-f7ef3e36ab43,funnel
379b2d31-1805-4885-a8f2-f7ef3e36ab43,geometric
379b2d31-1805-4885-a8f2-f7ef3e36ab43,infographic
379b2d31-1805-4885-a8f2-f7ef3e36ab43,marketing
379b2d31-1805-4885-a8f2-f7ef3e36ab43,modern
379b2d31-1805-4885-a8f2-f7ef3e36ab43,powerpoint
379b2d31-1805-4885-a8f2-f7ef3e36ab43,process
379b2d31-1805-4885-a8f2-f7ef3e36ab43,puzzle
379b2d31-1805-4885-a8f2-f7ef3e36ab43,pyramid
e8bdb808-af01-4520-b65c-6ceedbd2efb2,3d
e8bdb808-af01-4520-b65c-6ceedbd2efb2,animated
e8bdb808-af01-4520-b65c-6ceedbd2efb2,area
e8bdb808-af01-4520-b65c-6ceedbd2efb2,bar
e8bdb808-af01-4520-b65c-6ceedbd2efb2,business
e8bdb808-af01-4520-b65c-6ceedbd2efb2,chart
e8bdb808-af01-4520-b65c-6ceedbd2efb2,client
e8bdb808-af01-4520-b65c-6ceedbd2efb2,column
e8bdb808-af01-4520-b65c-6ceedbd2efb2,gantt
e8bdb808-af01-4520-b65c-6ceedbd2efb2,line
e8bdb808-af01-4520-b65c-6ceedbd2efb2,modern
e8bdb808-af01-4520-b65c-6ceedbd2efb2,mountain
e8bdb808-af01-4520-b65c-6ceedbd2efb2,pie
e8bdb808-af01-4520-b65c-6ceedbd2efb2,ppt
e8bdb808-af01-4520-b65c-6ceedbd2efb2,pyramid
e4c78875-3563-4375-8b07-fd0bc7b31171,3d
e4c78875-3563-4375-8b07-fd0bc7b31171,animated
e4c78875-3563-4375-8b07-fd0bc7b31171,area
e4c78875-3563-4375-8b07-fd0bc7b31171,bar
e4c78875-3563-4375-8b07-fd0bc7b31171,blue
e4c78875-3563-4375-8b07-fd0bc7b31171,chart
e4c78875-3563-4375-8b07-fd0bc7b31171,client
e4c78875-3563-4375-8b07-fd0bc7b31171,colorful
e4c78875-3563-4375-8b07-fd0bc7b31171,column
e4c78875-3563-4375-8b07-fd0bc7b31171,gantt
e4c78875-3563-4375-8b07-fd0bc7b31171,line
e4c78875-3563-4375-8b07-fd0bc7b31171,mountain
e4c78875-3563-4375-8b07-fd0bc7b31171,pie
e4c78875-3563-4375-8b07-fd0bc7b31171,template
e4c78875-3563-4375-8b07-fd0bc7b31171,pyramid
